denomination;effectif;nb_stagiaires;livrables;code_region
;3;2196.0;15.15;84
;3;2357.0;15.820833333333333;11
;3;2473.0;16.304166666666667;84
;3;2848.0;17.866666666666667;44
;3;2190.0;15.125;84
;3;2229.0;15.2875;52
;3;3735.0;21.5625;11
;4;1733.0;15.220833333333333;75
;4;1806.0;15.525;11
;4;2476.0;18.316666666666666;11
;4;1858.0;15.741666666666667;44
;4;1699.0;15.079166666666667;6
;4;2015.0;16.395833333333332;93
;4;2826.0;19.775;84
;4;2093.0;16.72083333333333;75
;4;2044.0;16.516666666666666;76
;4;2257.0;17.40416666666667;84
;4;4048.0;24.866666666666667;44
;4;6972.0;37.05;24
;4;2896.0;20.066666666666666;84
;4;2515.0;18.479166666666668;11
;4;8000.0;41.33333333333333;11
;4;11827.0;57.27916666666667;84
;4;1900.0;15.916666666666668;11
;4;2179.0;17.079166666666666;11
;4;2674.0;19.141666666666666;11
;4;2204.0;17.183333333333334;24
;4;3197.0;21.320833333333333;44
;4;2014.0;16.391666666666666;75
;4;2398.0;17.991666666666667;11
;4;1725.0;15.1875;93
;4;1904.0;15.933333333333334;32
;4;2443.0;18.179166666666667;84
;4;2915.0;20.145833333333332;11
;4;2285.0;17.520833333333332;76
;4;2206.0;17.191666666666666;76
;5;1414.0;15.891666666666666;76
;5;3243.0;23.5125;11
;5;1562.0;16.508333333333333;11
;5;2470.0;20.291666666666668;76
;5;2009.0;18.370833333333334;84
;5;1571.0;16.545833333333334;84
;5;1452.0;16.05;93
;5;1905.0;17.9375;11
;5;2349.0;19.7875;11
;5;1382.0;15.758333333333333;93
;5;2699.0;21.245833333333334;11
;5;3176.0;23.233333333333334;53
;5;3249.0;23.5375;76
;5;1382.0;15.758333333333333;28
;5;1356.0;15.65;75
;5;3262.0;23.591666666666665;11
;5;1225.0;15.104166666666666;11
;5;2678.0;21.15833333333333;11
;5;2071.0;18.629166666666666;52
;5;1230.0;15.125;11
;5;1829.0;17.620833333333334;84
;5;66855.0;288.5625;84
;5;3985.0;26.604166666666664;32
;5;3033.0;22.6375;11
;5;1978.0;18.241666666666667;75
;5;3645.0;25.1875;52
;5;1850.0;17.708333333333332;76
;5;3752.0;25.633333333333333;76
;5;3025.0;22.604166666666668;93
;5;1223.0;15.095833333333333;44
;5;1983.0;18.2625;93
;5;1448.0;16.03333333333333;11
;5;1480.0;16.166666666666664;84
;5;4095.0;27.0625;75
;5;1428.0;15.95;11
;5;2219.0;19.245833333333334;11
;5;1308.0;15.45;11
;5;1250.0;15.208333333333334;75
;5;3922.0;26.341666666666665;75
;5;2625.0;20.9375;84
;5;1256.0;15.233333333333334;11
;5;14298.0;69.575;32
;5;1484.0;16.183333333333334;32
;5;1415.0;15.895833333333334;84
;5;1644.0;16.85;11
;5;1233.0;15.1375;76
;5;1450.0;16.041666666666664;27
;5;1575.0;16.5625;28
;5;3540.0;24.75;52
;5;1420.0;15.916666666666666;11
;5;2668.0;21.116666666666667;11
;5;2244.0;19.35;32
;5;1206.0;15.025;76
;6;1007.0;16.195833333333333;52
;6;1512.0;18.3;32
;6;756.0;15.15;76
;6;755.0;15.145833333333332;53
;6;1076.0;16.483333333333334;24
;6;1316.0;17.483333333333334;32
;6;963.0;16.0125;84
;6;2662.0;23.09166666666667;11
;6;1345.0;17.604166666666664;11
;6;814.0;15.391666666666666;93
;6;1123.0;16.679166666666667;84
;6;5304.0;34.1;27
;6;913.0;15.804166666666667;75
;6;2476.0;22.316666666666666;11
;6;894.0;15.725;44
;6;843.0;15.5125;32
;6;991.0;16.129166666666666;11
;6;2099.0;20.745833333333334;75
;6;1306.0;17.441666666666666;28
;6;805.0;15.354166666666666;75
;6;874.0;15.641666666666666;52
;6;880.0;15.666666666666666;76
;6;768.0;15.2;75
;6;1096.0;16.566666666666666;11
;6;1245.0;17.1875;84
;6;726.0;15.025;11
;6;1151.0;16.795833333333334;11
;6;1055.0;16.395833333333336;11
;6;1145.0;16.770833333333336;93
;6;822.0;15.425;84
;6;2655.0;23.0625;27
;6;938.0;15.908333333333333;84
;6;2941.0;24.254166666666666;84
;6;826.0;15.441666666666666;32
;6;1449.0;18.0375;84
;6;3168.0;25.2;11
;6;1482.0;18.175;11
;6;2489.0;22.370833333333334;84
;6;815.0;15.395833333333334;28
;6;811.0;15.379166666666666;84
;6;747.0;15.1125;11
;6;1748.0;19.28333333333333;84
;6;1378.0;17.741666666666667;11
;6;1019.0;16.245833333333334;94
;6;828.0;15.45;53
;6;1046.0;16.358333333333334;52
;6;1112.0;16.633333333333333;11
;6;1318.0;17.491666666666667;32
;6;1584.0;18.6;27
;6;967.0;16.02916666666667;11
;6;1205.0;17.020833333333336;84
;6;2424.0;22.1;75
;6;1426.0;17.941666666666666;2
;6;892.0;15.716666666666667;84
;6;796.0;15.316666666666666;11
;6;942.0;15.925;84
;6;1490.0;18.208333333333336;11
;6;1344.0;17.6;11
;6;1905.0;19.9375;32
;6;783.0;15.2625;53
;6;830.0;15.458333333333334;75
;6;1046.0;16.358333333333334;11
;6;2352.0;21.8;93
;6;5626.0;35.44166666666666;32
;6;887.0;15.695833333333333;52
;6;1826.0;19.608333333333334;84
;6;820.0;15.416666666666666;93
;6;769.0;15.204166666666666;32
;6;1865.0;19.770833333333332;52
;6;812.0;15.383333333333333;84
;6;735.0;15.0625;11
;6;1306.0;17.441666666666666;75
;6;762.0;15.175;27
;6;1040.0;16.333333333333336;93
;6;974.0;16.058333333333334;11
;6;999.0;16.1625;93
;6;1486.0;18.191666666666666;11
;6;971.0;16.045833333333334;24
;6;8582.0;47.75833333333333;11
;6;847.0;15.529166666666667;11
;6;1109.0;16.620833333333334;52
;6;1171.0;16.879166666666666;93
;6;802.0;15.341666666666667;84
;6;9069.0;49.7875;11
;6;1221.0;17.0875;44
;6;6482.0;39.00833333333333;84
;6;1043.0;16.34583333333333;11
;6;1265.0;17.270833333333336;28
;6;763.0;15.179166666666667;11
;6;2516.0;22.483333333333334;11
;6;1801.0;19.504166666666666;84
;6;963.0;16.0125;53
;6;893.0;15.720833333333333;11
;6;1105.0;16.604166666666664;32
;6;779.0;15.245833333333334;53
;6;3132.0;25.05;84
;6;772.0;15.216666666666667;11
;6;951.0;15.9625;53
;6;1263.0;17.2625;11
;6;1675.0;18.979166666666668;84
;6;905.0;15.770833333333334;53
;6;1671.0;18.9625;27
;6;856.0;15.566666666666666;84
;6;1342.0;17.59166666666667;75
;6;832.0;15.466666666666667;75
;6;952.0;15.966666666666667;75
;6;1165.0;16.854166666666664;27
;6;1525.0;18.354166666666664;11
;6;1113.0;16.6375;11
;6;1007.0;16.195833333333333;11
;6;1959.0;20.1625;44
;6;1519.0;18.329166666666666;52
;6;1095.0;16.5625;84
;6;2278.0;21.491666666666667;11
;6;2025.0;20.4375;11
;6;1213.0;17.054166666666667;11
;6;2937.0;24.2375;24
;6;1487.0;18.195833333333333;84
;6;897.0;15.7375;84
;6;751.0;15.129166666666666;11
;6;1045.0;16.354166666666664;84
;6;1193.0;16.97083333333333;11
;6;926.0;15.858333333333334;84
;6;959.0;15.995833333333334;44
;6;1032.0;16.3;11
;6;1318.0;17.491666666666667;75
;6;1348.0;17.616666666666667;52
;6;2765.0;23.520833333333332;32
;6;1031.0;16.295833333333334;11
;6;776.0;15.233333333333334;84
;6;924.0;15.85;52
;7;267.0;15.1125;27
;7;554.0;16.308333333333334;93
;7;259.0;15.079166666666666;44
;7;550.0;16.291666666666668;11
;7;315.0;15.3125;11
;7;281.0;15.170833333333334;44
;7;1074.0;18.475;11
;7;817.0;17.404166666666665;32
;7;312.0;15.3;76
;7;1113.0;18.6375;11
;7;2327.0;23.695833333333333;44
;7;718.0;16.991666666666667;84
;7;1205.0;19.020833333333336;11
;7;1403.0;19.84583333333333;11
;7;390.0;15.625;11
;7;358.0;15.491666666666667;44
;7;249.0;15.0375;52
;7;301.0;15.254166666666666;84
;7;558.0;16.325;75
;7;290.0;15.208333333333334;84
;7;461.0;15.920833333333333;11
;7;465.0;15.9375;11
;7;242.0;15.008333333333333;52
;7;261.0;15.0875;24
;7;621.0;16.5875;93
;7;529.0;16.204166666666666;4
;7;733.0;17.054166666666667;53
;7;277.0;15.154166666666667;84
;7;1282.0;19.34166666666667;11
;7;657.0;16.7375;76
;7;372.0;15.55;76
;7;379.0;15.579166666666666;27
;7;290.0;15.208333333333334;11
;7;596.0;16.483333333333334;11
;7;608.0;16.53333333333333;93
;7;243.0;15.0125;28
;7;242.0;15.008333333333333;76
;7;474.0;15.975;11
;7;3352.0;27.966666666666665;93
;7;1182.0;18.925;32
;7;409.0;15.704166666666667;32
;7;665.0;16.770833333333332;11
;7;615.0;16.5625;53
;7;973.0;18.054166666666667;11
;7;469.0;15.954166666666667;11
;7;882.0;17.675;52
;7;248.0;15.033333333333333;11
;7;251.0;15.045833333333334;76
;7;393.0;15.6375;84
;7;927.0;17.8625;11
;7;518.0;16.15833333333333;11
;7;283.0;15.179166666666667;93
;7;394.0;15.641666666666667;75
;7;539.0;16.245833333333334;28
;7;245.0;15.020833333333334;84
;7;490.0;16.041666666666668;11
;7;423.0;15.7625;76
;7;797.0;17.320833333333333;76
;7;435.0;15.8125;32
;7;784.0;17.266666666666666;76
;7;262.0;15.091666666666667;44
;7;935.0;17.895833333333332;75
;7;296.0;15.233333333333334;75
;7;240.0;15.0;84
;7;565.0;16.354166666666668;11
;7;406.0;15.691666666666666;11
;7;306.0;15.275;11
;7;489.0;16.0375;84
;7;502.0;16.09166666666667;11
;7;436.0;15.816666666666666;53
;7;402.0;15.675;44
;7;436.0;15.816666666666666;93
;7;331.0;15.379166666666666;11
;7;395.0;15.645833333333334;11
;7;589.0;16.454166666666666;52
;7;585.0;16.4375;84
;7;685.0;16.854166666666668;76
;7;597.0;16.4875;52
;7;400.0;15.666666666666666;11
;7;246.0;15.025;75
;7;477.0;15.9875;32
;7;59466.0;261.775;11
;7;818.0;17.408333333333335;76
;7;1275.0;19.3125;11
;7;2135.0;22.895833333333332;75
;7;739.0;17.079166666666666;75
;7;560.0;16.333333333333332;76
;7;1770.0;21.375;75
;7;741.0;17.0875;84
;7;302.0;15.258333333333333;11
;7;640.0;16.666666666666668;24
;7;551.0;16.295833333333334;75
;7;264.0;15.1;11
;7;900.0;17.75;11
;7;413.0;15.720833333333333;75
;7;722.0;17.008333333333333;11
;7;278.0;15.158333333333333;84
;7;249.0;15.0375;75
;7;275.0;15.145833333333334;4
;7;372.0;15.55;11
;7;706.0;16.941666666666666;44
;7;267.0;15.1125;44
;7;3031.0;26.629166666666666;44
;7;701.0;16.920833333333334;24
;7;300.0;15.25;27
;7;275.0;15.145833333333334;93
;7;250.0;15.041666666666666;84
;7;707.0;16.945833333333333;93
;7;933.0;17.8875;76
;7;541.0;16.254166666666666;93
;7;257.0;15.070833333333333;11
;7;687.0;16.8625;52
;7;2490.0;24.375;28
;7;445.0;15.854166666666666;52
;7;388.0;15.616666666666667;84
;7;249.0;15.0375;11
;7;263.0;15.095833333333333;11
;7;761.0;17.170833333333334;11
;7;263.0;15.095833333333333;76
;7;426.0;15.775;93
;7;691.0;16.879166666666666;11
;7;357.0;15.4875;28
;7;2338.0;23.741666666666667;75
;7;1050.0;18.375;11
;7;338.0;15.408333333333333;32
;7;290.0;15.208333333333334;75
;7;273.0;15.1375;52
;7;430.0;15.791666666666666;11
;7;1823.0;21.59583333333333;84
;7;548.0;16.28333333333333;44
;7;310.0;15.291666666666666;28
;7;456.0;15.9;44
;7;359.0;15.495833333333334;53
;7;1386.0;19.775;76
;7;1173.0;18.8875;11
;7;604.0;16.516666666666666;44
;7;363.0;15.5125;11
;7;423.0;15.7625;11
;7;326.0;15.358333333333334;44
;7;353.0;15.470833333333333;11
;7;506.0;16.108333333333334;11
;7;1072.0;18.46666666666667;11
;7;267.0;15.1125;11
;7;316.0;15.316666666666666;11
;7;1613.0;20.72083333333333;28
;7;445.0;15.854166666666666;4
;7;339.0;15.4125;11
;7;472.0;15.966666666666667;75
;7;1086.0;18.525;11
;7;403.0;15.679166666666667;11
;7;539.0;16.245833333333334;32
;7;475.0;15.979166666666666;11
;7;270.0;15.125;93
;7;564.0;16.35;75
;7;1385.0;19.770833333333336;11
;7;1174.0;18.891666666666666;76
;7;1312.0;19.46666666666667;11
;7;632.0;16.633333333333333;11
;7;249.0;15.0375;24
;7;708.0;16.95;11
;7;319.0;15.329166666666666;84
;7;687.0;16.8625;11
;7;317.0;15.320833333333333;75
;7;1020.0;18.25;32
;7;701.0;16.920833333333334;93
;7;595.0;16.479166666666668;44
;7;875.0;17.645833333333332;93
;7;379.0;15.579166666666666;44
;7;726.0;17.025;44
;7;303.0;15.2625;93
;7;708.0;16.95;27
;7;312.0;15.3;52
;7;312.0;15.3;32
;7;499.0;16.079166666666666;44
;7;1123.0;18.679166666666667;84
;7;283.0;15.179166666666667;76
;7;323.0;15.345833333333333;53
;7;562.0;16.34166666666667;28
;7;1001.0;18.170833333333334;11
;7;324.0;15.35;11
;7;260.0;15.083333333333334;28
;7;804.0;17.35;93
;7;605.0;16.520833333333332;84
;7;501.0;16.0875;11
;7;276.0;15.15;11
;7;635.0;16.645833333333332;84
;7;5067.0;35.1125;75
;7;743.0;17.09583333333333;84
;7;1411.0;19.879166666666666;32
;7;624.0;16.6;11
;7;409.0;15.704166666666667;53
;7;380.0;15.583333333333334;44
;7;2794.0;25.641666666666666;44
;7;717.0;16.9875;11
;7;453.0;15.8875;11
;7;532.0;16.21666666666667;84
;7;315.0;15.3125;84
;7;365.0;15.520833333333334;11
;7;317.0;15.320833333333333;84
;7;2937.0;26.2375;11
;7;3293.0;27.720833333333335;11
;7;591.0;16.4625;11
;7;335.0;15.395833333333334;32
;7;406.0;15.691666666666666;53
;7;335.0;15.395833333333334;93
;7;1950.0;22.125;76
;7;379.0;15.579166666666666;52
;7;1299.0;19.4125;28
;7;569.0;16.370833333333334;76
;7;502.0;16.09166666666667;75
;7;1524.0;20.35;11
;7;480.0;16.0;11
;7;787.0;17.279166666666665;11
;7;1288.0;19.366666666666667;76
;7;265.0;15.104166666666666;93
;7;251.0;15.045833333333334;93
;7;323.0;15.345833333333333;44
;7;317.0;15.320833333333333;44
;7;379.0;15.579166666666666;76
;7;506.0;16.108333333333334;11
;7;283.0;15.179166666666667;11
;7;1471.0;20.129166666666666;84
;7;434.0;15.808333333333334;76
;7;562.0;16.34166666666667;11
;7;277.0;15.154166666666667;84
;7;395.0;15.645833333333334;44
;7;275.0;15.145833333333334;75
;7;267.0;15.1125;93
;7;1343.0;19.59583333333333;93
;7;528.0;16.2;11
;7;645.0;16.6875;11
;7;449.0;15.870833333333334;84
;7;296.0;15.233333333333334;11
;7;2072.0;22.633333333333333;44
;7;324.0;15.35;11
;7;3186.0;27.275;24
;7;1132.0;18.71666666666667;44
;7;346.0;15.441666666666666;76
;7;313.0;15.304166666666667;76
;7;280.0;15.166666666666666;44
;7;577.0;16.40416666666667;44
;7;343.0;15.429166666666667;32
;7;830.0;17.458333333333332;84
;7;1705.0;21.104166666666668;93
;7;911.0;17.795833333333334;52
;7;538.0;16.241666666666667;11
;7;382.0;15.591666666666667;76
;7;271.0;15.129166666666666;75
;7;356.0;15.483333333333334;11
;7;278.0;15.158333333333333;75
;7;2744.0;25.433333333333334;11
;7;247.0;15.029166666666667;11
;7;389.0;15.620833333333334;11
;7;288.0;15.2;76
;7;481.0;16.004166666666666;76
;7;507.0;16.1125;75
;7;511.0;16.129166666666666;11
;7;281.0;15.170833333333334;44
;7;244.0;15.016666666666666;52
;7;659.0;16.745833333333334;76
;7;290.0;15.208333333333334;53
;7;305.0;15.270833333333334;11
;7;421.0;15.754166666666666;44
;7;675.0;16.8125;52
;7;422.0;15.758333333333333;11
;7;787.0;17.279166666666665;11
;7;731.0;17.045833333333334;84
;7;340.0;15.416666666666666;27
;7;269.0;15.120833333333334;3
;7;396.0;15.65;11
;7;243.0;15.0125;84
;7;270.0;15.125;11
;7;604.0;16.516666666666666;53
;7;1695.0;21.0625;11
;7;337.0;15.404166666666667;93
;7;351.0;15.4625;28
;7;2553.0;24.6375;28
;7;384.0;15.6;28
;7;312.0;15.3;11
;7;414.0;15.725;11
;7;840.0;17.5;11
;7;540.0;16.25;75
;7;327.0;15.3625;75
;7;669.0;16.7875;76
;7;310.0;15.291666666666666;44
;7;240.0;15.0;93
;7;2200.0;23.166666666666668;93
;7;341.0;15.420833333333334;53
;7;274.0;15.141666666666666;93
;7;359.0;15.495833333333334;11
;7;389.0;15.620833333333334;11
;7;264.0;15.1;1
;7;701.0;16.920833333333334;11
;7;450.0;15.875;11
;7;303.0;15.2625;11
;7;658.0;16.741666666666667;84
;7;480.0;16.0;11
;7;1107.0;18.6125;32
;7;645.0;16.6875;84
;7;963.0;18.0125;11
;7;522.0;16.175;11
;7;462.0;15.925;11
;7;2430.0;24.125;53
;7;1511.0;20.295833333333334;76
;7;332.0;15.383333333333333;11
;7;404.0;15.683333333333334;84
;7;462.0;15.925;84
;7;1681.0;21.004166666666666;53
;7;817.0;17.404166666666665;84
;7;426.0;15.775;76
;7;6820.0;42.41666666666667;84
;7;297.0;15.2375;53
;7;772.0;17.216666666666665;93
;7;460.0;15.916666666666666;76
;7;425.0;15.770833333333334;93
;7;504.0;16.1;76
;7;963.0;18.0125;75
;7;522.0;16.175;27
;7;8401.0;49.00416666666667;76
;7;885.0;17.6875;76
;7;322.0;15.341666666666667;24
;7;305.0;15.270833333333334;32
;7;340.0;15.416666666666666;93
;7;254.0;15.058333333333334;32
;7;244.0;15.016666666666666;52
;7;272.0;15.133333333333333;94
;7;1262.0;19.258333333333333;75
;7;707.0;16.945833333333333;75
;7;358.0;15.491666666666667;84
;7;457.0;15.904166666666667;76
;7;709.0;16.954166666666666;75
;7;1176.0;18.9;27
;7;631.0;16.629166666666666;84
;7;267.0;15.1125;93
;7;370.0;15.541666666666666;11
;7;309.0;15.2875;24
;7;346.0;15.441666666666666;11
;7;1832.0;21.633333333333333;32
;7;363.0;15.5125;11
;7;317.0;15.320833333333333;84
;7;510.0;16.125;11
;7;506.0;16.108333333333334;75
;7;652.0;16.71666666666667;1
;7;438.0;15.825;11
;7;886.0;17.691666666666666;52
;7;252.0;15.05;24
;7;519.0;16.1625;76
;7;857.0;17.570833333333333;52
;7;542.0;16.258333333333333;11
;7;2200.0;23.166666666666668;52
;7;377.0;15.570833333333333;11
;7;892.0;17.716666666666665;53
;7;306.0;15.275;93
;7;400.0;15.666666666666666;44
;7;580.0;16.416666666666668;11
;7;626.0;16.608333333333334;32
;7;583.0;16.429166666666667;84
;7;738.0;17.075;32
;7;416.0;15.733333333333333;24
;7;490.0;16.041666666666668;76
;7;930.0;17.875;44
;7;250.0;15.041666666666666;32
;7;559.0;16.329166666666666;28
;7;416.0;15.733333333333333;28
;7;989.0;18.120833333333334;84
;7;811.0;17.379166666666666;11
;7;810.0;17.375;28
;7;249.0;15.0375;11
;7;352.0;15.466666666666667;27
;7;344.0;15.433333333333334;84
;7;245.0;15.020833333333334;28
;7;820.0;17.416666666666668;32
;7;331.0;15.379166666666666;76
;7;747.0;17.1125;11
;7;322.0;15.341666666666667;11
;7;453.0;15.8875;44
;7;302.0;15.258333333333333;11
;7;560.0;16.333333333333332;84
;7;617.0;16.570833333333333;76
;7;697.0;16.90416666666667;84
;7;625.0;16.604166666666668;11
;7;822.0;17.425;11
;7;554.0;16.308333333333334;11
;7;669.0;16.7875;32
;8;1287.0;21.3625;11
;8;98.0;16.408333333333335;75
;8;108.0;16.45;75
;8;486.0;18.025;24
;8;46.0;16.191666666666666;84
;8;306.0;17.275;75
;8;167.0;16.695833333333333;93
;8;836.0;19.483333333333334;84
;8;487.0;18.02916666666667;93
;8;61.0;16.254166666666666;11
;8;78.0;16.325;11
;8;94.0;16.391666666666666;11
;8;358.0;17.491666666666667;11
;8;43.0;16.179166666666667;84
;8;169.0;16.704166666666666;32
;8;524.0;18.183333333333334;11
;8;31.0;16.129166666666666;84
;8;70.0;16.291666666666668;84
;8;52.0;16.216666666666665;84
;8;44.0;16.183333333333334;52
;8;536.0;18.233333333333334;84
;8;129.0;16.5375;94
;8;469.0;17.954166666666666;52
;8;77.0;16.320833333333333;75
;8;237.0;16.9875;28
;8;508.0;18.116666666666667;27
;8;655.0;18.729166666666668;84
;8;262.0;17.091666666666665;93
;8;175.0;16.729166666666668;52
;8;2253.0;25.3875;11
;8;39.0;16.1625;32
;8;390.0;17.625;11
;8;2514.0;26.475;11
;8;146.0;16.608333333333334;75
;8;87.0;16.3625;11
;8;567.0;18.3625;76
;8;151.0;16.629166666666666;11
;8;3248.0;29.533333333333335;11
;8;318.0;17.325;93
;8;262.0;17.091666666666665;11
;8;96.0;16.4;4
;8;126.0;16.525;11
;8;409.0;17.704166666666666;32
;8;65.0;16.270833333333332;11
;8;35.0;16.145833333333332;11
;8;229.0;16.954166666666666;11
;8;215.0;16.895833333333332;84
;8;72.0;16.3;53
;8;733.0;19.054166666666667;11
;8;129.0;16.5375;76
;8;613.0;18.554166666666667;32
;8;144.0;16.6;28
;8;589.0;18.454166666666666;76
;8;160.0;16.666666666666668;76
;8;33.0;16.1375;11
;8;16.0;16.066666666666666;75
;8;207.0;16.8625;84
;8;149.0;16.620833333333334;1
;8;23.0;16.095833333333335;52
;8;148.0;16.616666666666667;44
;8;349.0;17.454166666666666;52
;8;235.0;16.979166666666668;32
;8;139.0;16.579166666666666;11
;8;250.0;17.041666666666668;52
;8;253.0;17.054166666666667;11
;8;327.0;17.3625;75
;8;759.0;19.1625;93
;8;141.0;16.5875;84
;8;56.0;16.233333333333334;93
;8;575.0;18.395833333333332;32
;8;268.0;17.116666666666667;53
;8;229.0;16.954166666666666;52
;8;48.0;16.2;28
;8;200.0;16.833333333333332;44
;8;168.0;16.7;28
;8;149.0;16.620833333333334;75
;8;243.0;17.0125;44
;8;357.0;17.4875;11
;8;704.0;18.933333333333334;84
;8;211.0;16.879166666666666;1
;8;303.0;17.2625;27
;8;1687.0;23.02916666666667;84
;8;108.0;16.45;53
;8;24.0;16.1;76
;8;68.0;16.283333333333335;93
;8;422.0;17.758333333333333;53
;8;16.0;16.066666666666666;11
;8;5862.0;40.425;11
;8;627.0;18.6125;24
;8;12.0;16.05;94
;8;1053.0;20.3875;27
;8;15.0;16.0625;84
;8;1287.0;21.3625;76
;8;171.0;16.7125;24
;8;384.0;17.6;53
;8;95.0;16.395833333333332;11
;8;1238.0;21.15833333333333;75
;8;468.0;17.95;75
;8;80.0;16.333333333333332;11
;8;492.0;18.05;28
;8;2.0;16.008333333333333;84
;8;99.0;16.4125;93
;8;347.0;17.445833333333333;76
;8;40.0;16.166666666666668;53
;8;92.0;16.383333333333333;53
;8;14.0;16.058333333333334;11
;8;88.0;16.366666666666667;11
;8;144.0;16.6;11
;8;99.0;16.4125;4
;8;60.0;16.25;84
;8;37.0;16.154166666666665;11
;8;66.0;16.275;84
;8;457.0;17.90416666666667;11
;8;126.0;16.525;75
;8;51.0;16.2125;75
;8;255.0;17.0625;52
;8;95.0;16.395833333333332;84
;8;123.0;16.5125;93
;8;852.0;19.55;84
;8;83.0;16.345833333333335;11
;8;106.0;16.441666666666666;76
;8;105.0;16.4375;11
;8;612.0;18.55;11
;8;991.0;20.129166666666666;11
;8;270.0;17.125;11
;8;429.0;17.7875;32
;8;82.0;16.341666666666665;75
;8;61.0;16.254166666666666;44
;8;773.0;19.220833333333335;11
;8;416.0;17.733333333333334;76
;8;92.0;16.383333333333333;84
;8;116.0;16.483333333333334;11
;8;998.0;20.15833333333333;11
;8;245.0;17.020833333333332;11
;8;66.0;16.275;44
;8;297.0;17.2375;11
;8;15.0;16.0625;53
;8;182.0;16.758333333333333;27
;8;104.0;16.433333333333334;76
;8;365.0;17.520833333333332;76
;8;210.0;16.875;93
;8;9.0;16.0375;75
;8;361.0;17.504166666666666;11
;8;24.0;16.1;75
;8;2128.0;24.866666666666667;28
;8;612.0;18.55;93
;8;67.0;16.279166666666665;11
;8;61.0;16.254166666666666;11
;8;290.0;17.208333333333332;76
;8;95.0;16.395833333333332;76
;8;65.0;16.270833333333332;11
;8;66.0;16.275;11
;8;120.0;16.5;52
;8;167.0;16.695833333333333;32
;8;445.0;17.854166666666668;27
;8;109.0;16.454166666666666;11
;8;73.0;16.304166666666667;28
;8;213.0;16.8875;11
;8;410.0;17.708333333333332;76
;8;430.0;17.791666666666668;75
;8;108.0;16.45;53
;8;66.0;16.275;84
;8;40.0;16.166666666666668;44
;8;46.0;16.191666666666666;75
;8;521.0;18.170833333333334;11
;8;120.0;16.5;11
;8;68.0;16.283333333333335;75
;8;299.0;17.245833333333334;11
;8;434.0;17.808333333333334;93
;8;171.0;16.7125;84
;8;101.0;16.420833333333334;4
;8;16.0;16.066666666666666;75
;8;28.0;16.116666666666667;75
;8;156.0;16.65;11
;8;143.0;16.595833333333335;11
;8;728.0;19.03333333333333;11
;8;426.0;17.775;84
;8;67.0;16.279166666666665;84
;8;532.0;18.21666666666667;11
;8;101.0;16.420833333333334;27
;8;656.0;18.733333333333334;11
;8;194.0;16.808333333333334;11
;8;378.0;17.575;11
;8;34.0;16.141666666666666;24
;8;110.0;16.458333333333332;11
;8;290.0;17.208333333333332;2
;8;41.0;16.170833333333334;27
;8;78.0;16.325;32
;8;375.0;17.5625;76
;8;711.0;18.9625;11
;8;134.0;16.558333333333334;24
;8;302.0;17.258333333333333;27
;8;145.0;16.604166666666668;32
;8;280.0;17.166666666666668;75
;8;145.0;16.604166666666668;84
;8;358.0;17.491666666666667;84
;8;240.0;17.0;3
;8;601.0;18.504166666666666;93
;8;298.0;17.241666666666667;84
;8;441.0;17.8375;32
;8;728.0;19.03333333333333;44
;8;33.0;16.1375;84
;8;358.0;17.491666666666667;84
;8;362.0;17.508333333333333;84
;8;385.0;17.604166666666668;44
;8;65.0;16.270833333333332;32
;8;60.0;16.25;52
;8;47.0;16.195833333333333;75
;8;43.0;16.179166666666667;11
;8;820.0;19.416666666666668;44
;8;226.0;16.941666666666666;11
;8;81.0;16.3375;11
;8;61.0;16.254166666666666;4
;8;370.0;17.541666666666668;93
;8;2195.0;25.145833333333332;44
;8;893.0;19.720833333333335;11
;8;179.0;16.745833333333334;84
;8;1155.0;20.8125;28
;8;1122.0;20.675;44
;8;131.0;16.545833333333334;76
;8;46.0;16.191666666666666;76
;8;1170.0;20.875;75
;8;1027.0;20.27916666666667;93
;8;136.0;16.566666666666666;24
;8;182.0;16.758333333333333;93
;8;565.0;18.354166666666668;11
;8;147.0;16.6125;11
;8;169.0;16.704166666666666;11
;8;11.0;16.045833333333334;44
;8;94.0;16.391666666666666;27
;8;88.0;16.366666666666667;11
;8;744.0;19.1;84
;8;30.0;16.125;44
;8;66.0;16.275;76
;8;98.0;16.408333333333335;53
;8;1133.0;20.72083333333333;76
;8;580.0;18.416666666666668;75
;8;85.0;16.354166666666668;11
;8;52.0;16.216666666666665;11
;8;822.0;19.425;52
;8;310.0;17.291666666666668;11
;8;137.0;16.570833333333333;11
;8;203.0;16.845833333333335;6
;8;249.0;17.0375;3
;8;186.0;16.775;75
;8;200.0;16.833333333333332;53
;8;79.0;16.329166666666666;84
;8;200.0;16.833333333333332;52
;8;165.0;16.6875;11
;8;78.0;16.325;44
;8;147.0;16.6125;11
;8;399.0;17.6625;11
;8;86.0;16.358333333333334;11
;8;233.0;16.970833333333335;84
;8;193.0;16.804166666666667;11
;8;880.0;19.666666666666668;93
;8;295.0;17.229166666666668;4
;8;164.0;16.683333333333334;28
;8;334.0;17.391666666666666;76
;8;270.0;17.125;75
;8;2000.0;24.333333333333332;84
;8;439.0;17.829166666666666;52
;8;403.0;17.679166666666667;32
;8;482.0;18.008333333333333;75
;8;45.0;16.1875;94
;8;142.0;16.591666666666665;76
;8;49.0;16.204166666666666;28
;8;70.0;16.291666666666668;44
;8;1064.0;20.433333333333334;44
;8;596.0;18.483333333333334;75
;8;82.0;16.341666666666665;11
;8;277.0;17.154166666666665;28
;8;38.0;16.158333333333335;76
;8;221.0;16.920833333333334;28
;8;48.0;16.2;4
;8;703.0;18.929166666666667;11
;8;470.0;17.958333333333332;11
;8;118.0;16.491666666666667;76
;8;171.0;16.7125;32
;8;33.0;16.1375;76
;8;396.0;17.65;1
;8;94.0;16.391666666666666;2
;8;222.0;16.925;27
;8;44.0;16.183333333333334;3
;8;2145.0;24.9375;3
;8;132.0;16.55;84
;8;90.0;16.375;44
;8;263.0;17.095833333333335;75
;8;89.0;16.370833333333334;75
;8;949.0;19.954166666666666;11
;8;188.0;16.783333333333335;11
;8;63.0;16.2625;3
;8;34.0;16.141666666666666;93
;8;632.0;18.633333333333333;11
;8;252.0;17.05;75
;8;12.0;16.05;93
;8;650.0;18.708333333333332;93
;8;567.0;18.3625;93
;8;33.0;16.1375;24
;8;762.0;19.175;93
;8;176.0;16.733333333333334;11
;8;30.0;16.125;1
;8;507.0;18.1125;84
;8;10.0;16.041666666666668;27
;8;532.0;18.21666666666667;6
;8;75.0;16.3125;84
;8;14.0;16.058333333333334;75
;8;1127.0;20.695833333333333;11
;8;410.0;17.708333333333332;27
;8;230.0;16.958333333333332;84
;8;307.0;17.279166666666665;28
;8;217.0;16.904166666666665;84
;8;64.0;16.266666666666666;1
;8;146.0;16.608333333333334;11
;8;1036.0;20.316666666666666;93
;8;139.0;16.579166666666666;84
;8;120.0;16.5;84
;8;8.0;16.033333333333335;32
;8;218.0;16.908333333333335;11
;8;257.0;17.070833333333333;93
;8;201.0;16.8375;84
;8;295.0;17.229166666666668;11
;8;443.0;17.84583333333333;93
;8;188.0;16.783333333333335;27
;8;10.0;16.041666666666668;53
;8;23.0;16.095833333333335;24
;8;6.0;16.025;76
;8;78.0;16.325;93
;8;538.0;18.241666666666667;44
;8;328.0;17.366666666666667;44
;8;502.0;18.09166666666667;32
;8;154.0;16.641666666666666;44
;8;882.0;19.675;76
;8;117.0;16.4875;11
;8;70.0;16.291666666666668;52
;8;9180.0;54.25;76
;8;45.0;16.1875;11
;8;480.0;18.0;84
;8;600.0;18.5;93
;8;523.0;18.179166666666667;94
;8;452.0;17.883333333333333;84
;8;99.0;16.4125;11
;8;47.0;16.195833333333333;84
;8;130.0;16.541666666666668;52
;8;66.0;16.275;11
;8;21.0;16.0875;76
;8;332.0;17.383333333333333;11
;8;120.0;16.5;11
;8;32.0;16.133333333333333;11
;8;25.0;16.104166666666668;75
;8;434.0;17.808333333333334;11
;8;43.0;16.179166666666667;76
;8;20.0;16.083333333333332;11
;8;496.0;18.066666666666666;93
;8;50.0;16.208333333333332;76
;8;187.0;16.779166666666665;11
;8;910.0;19.791666666666668;84
;8;213.0;16.8875;52
;8;150.0;16.625;11
;8;925.0;19.854166666666668;44
;8;1222.0;21.09166666666667;84
;8;163.0;16.679166666666667;52
;8;141.0;16.5875;44
;8;431.0;17.795833333333334;11
;8;54.0;16.225;84
;8;35.0;16.145833333333332;11
;8;76.0;16.316666666666666;11
;8;80.0;16.333333333333332;11
;8;464.0;17.933333333333334;84
;8;1462.0;22.09166666666667;11
;8;630.0;18.625;11
;8;56.0;16.233333333333334;44
;8;207.0;16.8625;93
;8;112.0;16.466666666666665;24
;8;738.0;19.075;93
;8;473.0;17.97083333333333;75
;8;142.0;16.591666666666665;76
;8;270.0;17.125;84
;8;484.0;18.016666666666666;11
;8;260.0;17.083333333333332;44
;8;73.0;16.304166666666667;24
;8;69.0;16.2875;11
;8;8.0;16.033333333333335;28
;8;243.0;17.0125;4
;8;138.0;16.575;11
;8;20.0;16.083333333333332;76
;8;55.0;16.229166666666668;84
;8;337.0;17.404166666666665;84
;8;366.0;17.525;84
;8;822.0;19.425;44
;8;140.0;16.583333333333332;84
;8;167.0;16.695833333333333;84
;8;84.0;16.35;11
;8;6.0;16.025;44
;8;15.0;16.0625;84
;8;509.0;18.120833333333334;75
;8;460.0;17.916666666666668;11
;8;398.0;17.65833333333333;84
;8;258.0;17.075;76
;8;81.0;16.3375;52
;8;38.0;16.158333333333335;44
;8;286.0;17.191666666666666;84
;8;138.0;16.575;75
;8;71.0;16.295833333333334;11
;8;226.0;16.941666666666666;4
;8;434.0;17.808333333333334;52
;8;27.0;16.1125;4
;8;1399.0;21.829166666666666;93
;8;165.0;16.6875;44
;8;177.0;16.7375;53
;8;49.0;16.204166666666666;53
;8;116.0;16.483333333333334;76
;8;14.0;16.058333333333334;93
;8;87.0;16.3625;11
;8;431.0;17.795833333333334;44
;8;201.0;16.8375;28
;8;167.0;16.695833333333333;76
;8;1146.0;20.775;11
;8;64.0;16.266666666666666;75
;8;1387.0;21.77916666666667;84
;8;33.0;16.1375;11
;8;471.0;17.9625;84
;8;6.0;16.025;28
;8;202.0;16.841666666666665;11
;8;157.0;16.654166666666665;44
;8;115.0;16.479166666666668;84
;8;1831.0;23.629166666666666;11
;8;84.0;16.35;52
;8;941.0;19.920833333333334;84
;8;98.0;16.408333333333335;75
;8;283.0;17.179166666666667;76
;8;540.0;18.25;84
;8;156.0;16.65;52
;8;44.0;16.183333333333334;76
;8;1439.0;21.995833333333334;11
;8;286.0;17.191666666666666;84
;8;270.0;17.125;75
;8;74.0;16.308333333333334;11
;8;311.0;17.295833333333334;11
;8;348.0;17.45;11
;8;82.0;16.341666666666665;84
;8;88.0;16.366666666666667;76
;8;356.0;17.483333333333334;84
;8;6706.0;43.94166666666667;84
;8;17.0;16.070833333333333;11
;8;61.0;16.254166666666666;93
;8;352.0;17.466666666666665;93
;8;61.0;16.254166666666666;4
;8;89.0;16.370833333333334;11
;8;127.0;16.529166666666665;11
;8;598.0;18.491666666666667;84
;8;316.0;17.316666666666666;84
;8;33.0;16.1375;11
;8;88.0;16.366666666666667;52
;8;137.0;16.570833333333333;53
;8;255.0;17.0625;76
;8;112.0;16.466666666666665;75
;8;386.0;17.608333333333334;11
;8;50.0;16.208333333333332;84
;8;134.0;16.558333333333334;76
;8;600.0;18.5;4
;8;24.0;16.1;84
;8;62.0;16.258333333333333;53
;8;47.0;16.195833333333333;24
;8;88.0;16.366666666666667;84
;8;261.0;17.0875;11
;8;75.0;16.3125;44
;8;83.0;16.345833333333335;11
;8;75.0;16.3125;44
;8;294.0;17.225;11
;8;37.0;16.154166666666665;4
;8;500.0;18.083333333333332;2
;8;225.0;16.9375;84
;8;788.0;19.283333333333335;76
;8;359.0;17.495833333333334;11
;8;506.0;18.108333333333334;32
;8;188.0;16.783333333333335;76
;8;88.0;16.366666666666667;52
;8;112.0;16.466666666666665;52
;8;147.0;16.6125;24
;8;120.0;16.5;11
;8;874.0;19.641666666666666;32
;8;463.0;17.929166666666667;52
;8;250.0;17.041666666666668;93
;8;432.0;17.8;32
;8;261.0;17.0875;93
;8;120.0;16.5;75
;8;151.0;16.629166666666666;93
;8;6.0;16.025;93
;8;75.0;16.3125;52
;8;398.0;17.65833333333333;44
;8;451.0;17.879166666666666;11
;8;492.0;18.05;53
;8;15.0;16.0625;75
;8;64.0;16.266666666666666;11
;8;127.0;16.529166666666665;11
;8;213.0;16.8875;75
;8;8.0;16.033333333333335;11
;8;85.0;16.354166666666668;44
;8;189.0;16.7875;11
;8;296.0;17.233333333333334;93
;8;486.0;18.025;24
;8;30.0;16.125;75
;8;1177.0;20.90416666666667;11
;8;170.0;16.708333333333332;76
;8;396.0;17.65;11
;8;424.0;17.766666666666666;11
;8;451.0;17.879166666666666;75
;8;158.0;16.658333333333335;84
;8;205.0;16.854166666666668;53
;8;41.0;16.170833333333334;84
;8;824.0;19.433333333333334;75
;8;89.0;16.370833333333334;11
;8;211.0;16.879166666666666;11
;8;277.0;17.154166666666665;84
;8;443.0;17.84583333333333;44
;8;75.0;16.3125;53
;8;40.0;16.166666666666668;11
;8;154.0;16.641666666666666;84
;8;25.0;16.104166666666668;84
;8;181.0;16.754166666666666;84
;8;218.0;16.908333333333335;32
;8;51.0;16.2125;24
;8;495.0;18.0625;11
;8;757.0;19.15416666666667;11
;8;93.0;16.3875;93
;8;191.0;16.795833333333334;44
;8;31.0;16.129166666666666;93
;8;480.0;18.0;52
;8;642.0;18.675;11
;8;219.0;16.9125;11
;8;686.0;18.858333333333334;11
;8;1210.0;21.041666666666664;76
;8;6.0;16.025;11
;8;535.0;18.229166666666668;76
;8;43.0;16.179166666666667;27
;8;1301.0;21.420833333333334;76
;8;27.0;16.1125;11
;8;151.0;16.629166666666666;53
;8;56.0;16.233333333333334;53
;8;170.0;16.708333333333332;32
;8;212.0;16.883333333333333;32
;8;65.0;16.270833333333332;11
;8;460.0;17.916666666666668;11
;8;173.0;16.720833333333335;84
;8;49.0;16.204166666666666;11
;8;75.0;16.3125;11
;8;106.0;16.441666666666666;27
;8;516.0;18.15;11
;8;607.0;18.52916666666667;75
;8;166.0;16.691666666666666;75
;8;331.0;17.379166666666666;84
;8;322.0;17.341666666666665;28
;8;216.0;16.9;84
;8;11.0;16.045833333333334;11
;8;152.0;16.633333333333333;84
;8;102.0;16.425;93
;8;180.0;16.75;11
;8;297.0;17.2375;11
;8;511.0;18.129166666666666;11
;8;66.0;16.275;76
;8;73.0;16.304166666666667;3
;8;36.0;16.15;27
;8;176.0;16.733333333333334;93
;8;265.0;17.104166666666668;84
;8;401.0;17.670833333333334;76
;8;587.0;18.445833333333333;11
;8;14.0;16.058333333333334;84
;8;181.0;16.754166666666666;84
;8;236.0;16.983333333333334;1
;8;163.0;16.679166666666667;93
;8;254.0;17.058333333333334;27
;8;198.0;16.825;44
;8;56.0;16.233333333333334;32
;8;2560.0;26.666666666666668;93
;8;80.0;16.333333333333332;93
;8;195.0;16.8125;11
;8;1116.0;20.65;11
;8;486.0;18.025;11
;8;198.0;16.825;24
;8;43.0;16.179166666666667;1
;8;410.0;17.708333333333332;27
;8;211.0;16.879166666666666;11
;8;144.0;16.6;52
;8;199.0;16.829166666666666;11
;8;158.0;16.658333333333335;11
;8;506.0;18.108333333333334;11
;8;710.0;18.958333333333332;11
;8;402.0;17.675;11
;8;23.0;16.095833333333335;1
;8;162.0;16.675;44
;8;276.0;17.15;44
;8;464.0;17.933333333333334;11
;8;109.0;16.454166666666666;11
;8;118.0;16.491666666666667;11
;8;110.0;16.458333333333332;53
;8;55.0;16.229166666666668;84
;8;36.0;16.15;53
;8;43.0;16.179166666666667;53
;8;185.0;16.770833333333332;32
;8;91.0;16.379166666666666;84
;8;86.0;16.358333333333334;4
;8;222.0;16.925;84
;8;85.0;16.354166666666668;93
;8;53.0;16.220833333333335;76
;8;189.0;16.7875;44
;8;79.0;16.329166666666666;44
;8;35.0;16.145833333333332;32
;8;54.0;16.225;11
;8;72.0;16.3;11
;8;104.0;16.433333333333334;24
;8;642.0;18.675;11
;8;33.0;16.1375;76
;8;35.0;16.145833333333332;52
;8;650.0;18.708333333333332;52
;8;39.0;16.1625;52
;8;29.0;16.120833333333334;76
;8;6642.0;43.675;84
;8;75.0;16.3125;11
;8;101.0;16.420833333333334;11
;8;69.0;16.2875;53
;8;287.0;17.195833333333333;84
;8;130.0;16.541666666666668;11
;8;106.0;16.441666666666666;11
;8;409.0;17.704166666666666;84
;8;15.0;16.0625;93
;8;18.0;16.075;11
;8;8.0;16.033333333333335;76
;8;432.0;17.8;75
;8;309.0;17.2875;11
;8;101.0;16.420833333333334;44
;8;129.0;16.5375;11
;8;26.0;16.108333333333334;53
;8;24.0;16.1;32
;8;186.0;16.775;75
;8;186.0;16.775;11
;8;8.0;16.033333333333335;94
;8;44.0;16.183333333333334;11
;8;1218.0;21.075;11
;8;134.0;16.558333333333334;27
;8;116.0;16.483333333333334;11
;8;33.0;16.1375;11
;8;842.0;19.508333333333333;11
;8;104.0;16.433333333333334;53
;8;50.0;16.208333333333332;32
;8;1113.0;20.6375;84
;8;118.0;16.491666666666667;76
;8;77.0;16.320833333333333;93
;8;195.0;16.8125;53
;8;54.0;16.225;11
;8;128.0;16.533333333333335;76
;8;12.0;16.05;84
;8;27.0;16.1125;32
;8;255.0;17.0625;11
;8;4.0;16.016666666666666;76
;8;263.0;17.095833333333335;93
;8;8.0;16.033333333333335;84
;8;8.0;16.033333333333335;11
;8;599.0;18.495833333333334;84
;8;53.0;16.220833333333335;2
;8;90.0;16.375;24
;8;62.0;16.258333333333333;24
;8;358.0;17.491666666666667;75
;8;102.0;16.425;76
;8;30.0;16.125;84
;8;1.0;16.004166666666666;52
;8;71.0;16.295833333333334;76
;8;76.0;16.316666666666666;28
;8;109.0;16.454166666666666;24
;8;66.0;16.275;53
;8;48.0;16.2;27
;8;68.0;16.283333333333335;32
;8;24.0;16.1;53
;8;51.0;16.2125;84
;8;343.0;17.429166666666667;11
;8;206.0;16.858333333333334;75
;8;308.0;17.283333333333335;93
;8;178.0;16.741666666666667;11
;8;405.0;17.6875;84
;8;29.0;16.120833333333334;75
;8;197.0;16.820833333333333;11
;8;54.0;16.225;11
;8;135.0;16.5625;11
;8;412.0;17.71666666666667;53
;8;766.0;19.191666666666666;11
;8;242.0;17.008333333333333;11
;8;52.0;16.216666666666665;75
;8;65.0;16.270833333333332;32
;8;187.0;16.779166666666665;93
;8;151.0;16.629166666666666;11
;8;1.0;16.004166666666666;44
;8;81.0;16.3375;75
;8;933.0;19.8875;76
;8;46.0;16.191666666666666;75
;8;489.0;18.0375;76
;8;192.0;16.8;75
;8;171.0;16.7125;24
;8;303.0;17.2625;52
;8;85.0;16.354166666666668;3
;8;156.0;16.65;11
;8;33.0;16.1375;11
;8;56.0;16.233333333333334;93
;8;94.0;16.391666666666666;75
;8;843.0;19.5125;53
;8;49.0;16.204166666666666;93
;8;82.0;16.341666666666665;28
;8;175.0;16.729166666666668;76
;8;65.0;16.270833333333332;75
;8;242.0;17.008333333333333;11
;8;461.0;17.920833333333334;11
;8;114.0;16.475;11
;8;1114.0;20.641666666666666;11
;8;48.0;16.2;11
;8;303.0;17.2625;11
;8;178.0;16.741666666666667;84
;8;231.0;16.9625;93
;8;285.0;17.1875;84
;8;1735.0;23.229166666666668;1
;8;1209.0;21.0375;11
;8;298.0;17.241666666666667;75
;8;250.0;17.041666666666668;93
;8;159.0;16.6625;11
;8;228.0;16.95;84
;8;29.0;16.120833333333334;75
;8;69.0;16.2875;75
;8;23.0;16.095833333333335;32
;8;432.0;17.8;32
;8;181.0;16.754166666666666;28
;8;199.0;16.829166666666666;75
;8;1077.0;20.4875;44
;8;727.0;19.02916666666667;11
;8;98.0;16.408333333333335;11
;8;18.0;16.075;11
;8;82.0;16.341666666666665;11
;8;176.0;16.733333333333334;28
;8;35.0;16.145833333333332;84
;8;192.0;16.8;84
;8;1082.0;20.508333333333333;84
;8;68.0;16.283333333333335;2
;8;351.0;17.4625;11
;8;453.0;17.8875;11
;8;32.0;16.133333333333333;75
;8;514.0;18.141666666666666;75
;8;61.0;16.254166666666666;4
;8;206.0;16.858333333333334;32
;8;34.0;16.141666666666666;75
;8;141.0;16.5875;52
;8;88.0;16.366666666666667;75
;8;5.0;16.020833333333332;53
;8;61.0;16.254166666666666;11
;8;133.0;16.554166666666667;11
;8;235.0;16.979166666666668;84
;8;1112.0;20.633333333333333;11
;8;1056.0;20.4;11
;8;169.0;16.704166666666666;28
;8;689.0;18.870833333333334;76
;8;139.0;16.579166666666666;4
;8;171.0;16.7125;11
;8;76.0;16.316666666666666;32
;8;46.0;16.191666666666666;6
;8;117.0;16.4875;52
;8;415.0;17.729166666666668;11
;8;316.0;17.316666666666666;84
;8;46.0;16.191666666666666;4
;8;518.0;18.15833333333333;11
;8;24.0;16.1;11
;8;11.0;16.045833333333334;11
;8;23.0;16.095833333333335;27
;8;56.0;16.233333333333334;75
;8;451.0;17.879166666666666;32
;8;42.0;16.175;93
;8;10648.0;60.36666666666667;11
;8;154.0;16.641666666666666;11
;8;22.0;16.091666666666665;93
;8;16.0;16.066666666666666;28
;8;1090.0;20.541666666666664;75
;8;62.0;16.258333333333333;27
;8;78.0;16.325;32
;8;628.0;18.616666666666667;11
;8;116.0;16.483333333333334;75
;8;356.0;17.483333333333334;76
;8;181.0;16.754166666666666;11
;8;52.0;16.216666666666665;11
;8;10.0;16.041666666666668;76
;8;49.0;16.204166666666666;75
;8;72.0;16.3;93
;8;25.0;16.104166666666668;11
;8;612.0;18.55;75
;8;84.0;16.35;11
;8;497.0;18.070833333333333;11
;8;546.0;18.275;84
;8;93.0;16.3875;76
;8;305.0;17.270833333333332;52
;8;1958.0;24.15833333333333;84
;8;1.0;16.004166666666666;11
;8;530.0;18.208333333333332;44
;8;116.0;16.483333333333334;75
;8;157.0;16.654166666666665;93
;8;124.0;16.516666666666666;11
;8;29.0;16.120833333333334;11
;8;149.0;16.620833333333334;52
;8;264.0;17.1;11
;8;1351.0;21.629166666666666;11
;8;224.0;16.933333333333334;84
;8;447.0;17.8625;76
;8;1595.0;22.645833333333332;93
;8;922.0;19.841666666666665;76
;8;746.0;19.108333333333334;44
;8;1131.0;20.7125;84
;8;300.0;17.25;11
;8;498.0;18.075;52
;8;413.0;17.72083333333333;84
;8;489.0;18.0375;24
;8;153.0;16.6375;52
;8;1327.0;21.52916666666667;24
;8;32.0;16.133333333333333;76
;8;157.0;16.654166666666665;44
;8;492.0;18.05;44
;8;400.0;17.666666666666668;11
;8;41.0;16.170833333333334;84
;8;200.0;16.833333333333332;28
;8;293.0;17.220833333333335;53
;8;1650.0;22.875;76
;8;158.0;16.658333333333335;53
;8;72.0;16.3;53
;8;507.0;18.1125;93
;8;172.0;16.716666666666665;28
;8;184.0;16.766666666666666;11
;8;28.0;16.116666666666667;24
;8;393.0;17.6375;44
;8;881.0;19.670833333333334;93
;8;12.0;16.05;75
;8;168.0;16.7;44
;8;58.0;16.241666666666667;52
;8;595.0;18.479166666666668;75
;8;274.0;17.141666666666666;75
;8;634.0;18.641666666666666;11
;8;192.0;16.8;28
;8;1398.0;21.825;11
;8;458.0;17.90833333333333;76
;8;1683.0;23.0125;76
;8;541.0;18.254166666666666;76
;8;65.0;16.270833333333332;93
;8;170.0;16.708333333333332;11
;8;307.0;17.279166666666665;75
;8;75.0;16.3125;84
;8;236.0;16.983333333333334;93
;8;39.0;16.1625;27
;8;223.0;16.929166666666667;76
;8;638.0;18.65833333333333;84
;8;444.0;17.85;75
;8;132.0;16.55;93
;8;135.0;16.5625;52
;8;263.0;17.095833333333335;75
;8;157.0;16.654166666666665;28
;8;145.0;16.604166666666668;75
;8;205.0;16.854166666666668;52
;8;103.0;16.429166666666667;28
;8;102.0;16.425;11
;8;148.0;16.616666666666667;27
;8;71.0;16.295833333333334;84
;8;496.0;18.066666666666666;11
;8;125.0;16.520833333333332;52
;8;2277.0;25.4875;53
;8;362.0;17.508333333333333;84
;8;60.0;16.25;52
;8;2357.0;25.820833333333333;76
;8;139.0;16.579166666666666;76
;8;4.0;16.016666666666666;84
;8;462.0;17.925;52
;8;88.0;16.366666666666667;93
;8;26.0;16.108333333333334;93
;8;32.0;16.133333333333333;1
;8;88.0;16.366666666666667;76
;8;35.0;16.145833333333332;53
;8;231.0;16.9625;76
;8;306.0;17.275;93
;8;193.0;16.804166666666667;84
;8;39.0;16.1625;84
;8;227.0;16.945833333333333;93
;8;156.0;16.65;93
;8;188.0;16.783333333333335;11
;8;343.0;17.429166666666667;84
;8;144.0;16.6;28
;8;521.0;18.170833333333334;24
;8;95.0;16.395833333333332;93
;8;258.0;17.075;24
;8;119.0;16.495833333333334;4
;8;37.0;16.154166666666665;76
;8;227.0;16.945833333333333;28
;8;164.0;16.683333333333334;27
;8;210.0;16.875;28
;8;51.0;16.2125;76
;8;504.0;18.1;27
;8;228.0;16.95;84
;8;39.0;16.1625;84
;8;129.0;16.5375;76
;8;135.0;16.5625;52
;8;564.0;18.35;11
;8;135.0;16.5625;93
;8;339.0;17.4125;75
;8;2853.0;27.8875;84
;8;1149.0;20.7875;84
;8;132.0;16.55;27
;8;120.0;16.5;76
;8;166.0;16.691666666666666;11
;8;357.0;17.4875;84
;8;296.0;17.233333333333334;76
;8;190.0;16.791666666666668;4
;8;8739.0;52.4125;53
;8;110.0;16.458333333333332;52
;8;387.0;17.6125;11
;8;447.0;17.8625;11
;8;596.0;18.483333333333334;44
;8;129.0;16.5375;53
;8;908.0;19.783333333333335;11
;8;51.0;16.2125;11
;8;142.0;16.591666666666665;32
;8;77.0;16.320833333333333;24
;8;28.0;16.116666666666667;76
;8;124.0;16.516666666666666;32
;8;423.0;17.7625;93
;8;332.0;17.383333333333333;11
;8;150.0;16.625;4
;8;259.0;17.079166666666666;11
;8;274.0;17.141666666666666;11
;8;221.0;16.920833333333334;76
;8;145.0;16.604166666666668;53
;8;361.0;17.504166666666666;84
;8;366.0;17.525;11
;8;390.0;17.625;28
;8;340.0;17.416666666666668;11
;8;38.0;16.158333333333335;93
;8;150.0;16.625;32
;8;103.0;16.429166666666667;11
;8;475.0;17.979166666666668;11
;8;297.0;17.2375;11
;8;475.0;17.979166666666668;32
;8;536.0;18.233333333333334;32
;8;22.0;16.091666666666665;11
;8;95.0;16.395833333333332;53
;8;697.0;18.90416666666667;11
;8;173.0;16.720833333333335;11
;8;89.0;16.370833333333334;84
;8;41.0;16.170833333333334;11
;8;89.0;16.370833333333334;28
;8;183.0;16.7625;32
;8;1910.0;23.958333333333332;24
;8;69.0;16.2875;93
;8;165.0;16.6875;28
;8;134.0;16.558333333333334;11
;8;55.0;16.229166666666668;75
;8;1536.0;22.4;84
;8;193.0;16.804166666666667;11
;8;288.0;17.2;11
;8;313.0;17.304166666666667;11
;8;27.0;16.1125;11
;8;45.0;16.1875;84
;8;112.0;16.466666666666665;44
;8;55.0;16.229166666666668;24
;8;385.0;17.604166666666668;93
;8;139.0;16.579166666666666;6
;8;553.0;18.304166666666667;11
;8;240.0;17.0;32
;8;392.0;17.633333333333333;11
;8;1029.0;20.2875;11
;8;38.0;16.158333333333335;53
;8;52.0;16.216666666666665;84
;8;510.0;18.125;52
;8;46.0;16.191666666666666;2
;8;55.0;16.229166666666668;75
;8;86.0;16.358333333333334;32
;8;1803.0;23.5125;11
;8;31.0;16.129166666666666;44
;8;162.0;16.675;44
;8;100.0;16.416666666666668;44
;8;191.0;16.795833333333334;53
;8;57.0;16.2375;93
;8;16.0;16.066666666666666;27
;8;122.0;16.508333333333333;93
;8;648.0;18.7;24
;8;33.0;16.1375;11
;8;112.0;16.466666666666665;32
;8;110.0;16.458333333333332;53
;8;64.0;16.266666666666666;11
;8;79.0;16.329166666666666;28
;8;630.0;18.625;53
;8;207.0;16.8625;11
;8;81.0;16.3375;11
;8;197.0;16.820833333333333;75
;8;108.0;16.45;53
;8;564.0;18.35;75
;8;196.0;16.816666666666666;93
;8;334.0;17.391666666666666;53
;8;67.0;16.279166666666665;11
;8;479.0;17.995833333333334;32
;8;919.0;19.829166666666666;11
;8;285.0;17.1875;84
;8;140.0;16.583333333333332;44
;8;116.0;16.483333333333334;93
;8;397.0;17.65416666666667;52
;8;162.0;16.675;76
;8;593.0;18.47083333333333;52
;8;145.0;16.604166666666668;93
;8;60.0;16.25;93
;8;1384.0;21.766666666666666;11
;8;874.0;19.641666666666666;32
;8;241.0;17.004166666666666;11
;8;1036.0;20.316666666666666;11
;8;295.0;17.229166666666668;52
;8;140.0;16.583333333333332;11
;8;248.0;17.033333333333335;11
;8;287.0;17.195833333333333;11
;8;307.0;17.279166666666665;52
;9;546.0;20.275;84
;9;119.0;18.495833333333334;93
;9;844.0;21.516666666666666;11
;9;117.0;18.4875;11
;9;63.0;18.2625;76
;9;99.0;18.4125;11
;9;32.0;18.133333333333333;27
;9;308.0;19.283333333333335;11
;9;220.0;18.916666666666668;53
;9;76.0;18.316666666666666;44
;9;87.0;18.3625;28
;9;574.0;20.391666666666666;44
;9;14.0;18.058333333333334;93
;9;71.0;18.295833333333334;44
;9;275.0;19.145833333333332;28
;9;85.0;18.354166666666668;93
;9;164.0;18.683333333333334;84
;9;7277.0;48.32083333333333;11
;9;110.0;18.458333333333332;52
;9;30.0;18.125;84
;9;431.0;19.795833333333334;76
;9;1018.0;22.241666666666667;75
;9;275.0;19.145833333333332;52
;9;168.0;18.7;84
;9;395.0;19.645833333333332;84
;9;337.0;19.404166666666665;84
;9;66.0;18.275;76
;9;530.0;20.208333333333332;53
;9;194.0;18.808333333333334;76
;9;135.0;18.5625;11
;9;356.0;19.483333333333334;11
;9;236.0;18.983333333333334;75
;9;84.0;18.35;4
;9;3407.0;32.19583333333333;76
;9;154.0;18.641666666666666;93
;9;277.0;19.154166666666665;1
;9;84.0;18.35;44
;9;158.0;18.658333333333335;11
;9;164.0;18.683333333333334;44
;9;572.0;20.383333333333333;11
;9;158.0;18.658333333333335;75
;9;122.0;18.508333333333333;28
;9;117.0;18.4875;11
;9;1501.0;24.254166666666666;44
;9;2017.0;26.40416666666667;11
;9;25.0;18.104166666666668;53
;9;28.0;18.116666666666667;11
;9;92.0;18.383333333333333;84
;9;338.0;19.408333333333335;6
;9;629.0;20.620833333333334;93
;9;141.0;18.5875;84
;9;220.0;18.916666666666668;24
;9;43.0;18.179166666666667;11
;9;64.0;18.266666666666666;28
;9;29.0;18.120833333333334;84
;9;147.0;18.6125;4
;9;831.0;21.4625;76
;9;1194.0;22.975;93
;9;149.0;18.620833333333334;11
;9;6298.0;44.24166666666667;76
;9;95.0;18.395833333333332;11
;9;261.0;19.0875;11
;9;140.0;18.583333333333332;76
;9;248.0;19.033333333333335;27
;9;49.0;18.204166666666666;75
;9;81.0;18.3375;76
;9;1056.0;22.4;11
;9;22.0;18.091666666666665;27
;9;24.0;18.1;76
;9;47.0;18.195833333333333;75
;9;108.0;18.45;53
;9;736.0;21.066666666666666;11
;9;101.0;18.420833333333334;11
;9;22.0;18.091666666666665;11
;9;148.0;18.616666666666667;84
;9;52.0;18.216666666666665;53
;9;416.0;19.733333333333334;84
;9;1404.0;23.85;32
;9;12.0;18.05;76
;9;78.0;18.325;93
;9;17.0;18.070833333333333;44
;9;193.0;18.804166666666667;94
;9;1162.0;22.84166666666667;11
;9;33.0;18.1375;76
;9;663.0;20.7625;32
;9;741.0;21.0875;28
;9;834.0;21.475;84
;9;112.0;18.466666666666665;75
;9;132.0;18.55;44
;9;209.0;18.870833333333334;93
;9;405.0;19.6875;11
;9;42.0;18.175;84
;9;58.0;18.241666666666667;11
;9;28.0;18.116666666666667;24
;9;102.0;18.425;11
;9;366.0;19.525;11
;9;135.0;18.5625;75
;9;285.0;19.1875;11
;9;9.0;18.0375;53
;9;607.0;20.52916666666667;52
;9;70.0;18.291666666666668;1
;9;27.0;18.1125;2
;9;28.0;18.116666666666667;75
;9;14.0;18.058333333333334;44
;9;28.0;18.116666666666667;11
;9;508.0;20.116666666666667;53
;9;109.0;18.454166666666666;76
;9;65.0;18.270833333333332;93
;9;56.0;18.233333333333334;93
;9;425.0;19.770833333333332;84
;9;5359.0;40.329166666666666;11
;9;484.0;20.016666666666666;44
;9;699.0;20.9125;905
;9;328.0;19.366666666666667;84
;9;184.0;18.766666666666666;53
;9;8.0;18.033333333333335;75
;9;719.0;20.995833333333334;84
;9;25.0;18.104166666666668;27
;9;408.0;19.7;93
;9;14.0;18.058333333333334;75
;9;110.0;18.458333333333332;76
;9;161.0;18.670833333333334;11
;9;150.0;18.625;11
;9;29.0;18.120833333333334;11
;9;151.0;18.629166666666666;11
;9;183.0;18.7625;52
;9;695.0;20.895833333333332;84
;9;227.0;18.945833333333333;52
;9;1054.0;22.391666666666666;11
;9;583.0;20.429166666666667;93
;9;241.0;19.004166666666666;11
;9;162.0;18.675;84
;9;112.0;18.466666666666665;75
;9;105.0;18.4375;27
;9;490.0;20.041666666666668;11
;9;171.0;18.7125;27
;9;383.0;19.595833333333335;84
;9;307.0;19.279166666666665;84
;9;82.0;18.341666666666665;53
;9;624.0;20.6;11
;9;350.0;19.458333333333332;93
;9;173.0;18.720833333333335;76
;9;142.0;18.591666666666665;27
;9;92.0;18.383333333333333;53
;9;423.0;19.7625;11
;9;200.0;18.833333333333332;93
;9;432.0;19.8;28
;9;450.0;19.875;53
;9;884.0;21.683333333333334;53
;9;951.0;21.9625;84
;9;641.0;20.670833333333334;84
;9;463.0;19.929166666666667;52
;9;644.0;20.683333333333334;11
;9;165.0;18.6875;11
;9;828.0;21.45;75
;9;51.0;18.2125;93
;9;85.0;18.354166666666668;11
;9;290.0;19.208333333333332;84
;9;214.0;18.891666666666666;32
;9;738.0;21.075;75
;9;745.0;21.104166666666668;75
;9;442.0;19.84166666666667;32
;9;67.0;18.279166666666665;75
;9;159.0;18.6625;75
;9;20.0;18.083333333333332;76
;9;982.0;22.09166666666667;75
;9;578.0;20.40833333333333;11
;9;23.0;18.095833333333335;4
;9;122.0;18.508333333333333;76
;9;103.0;18.429166666666667;84
;9;112.0;18.466666666666665;84
;9;86.0;18.358333333333334;11
;9;337.0;19.404166666666665;11
;9;657.0;20.7375;93
;9;117.0;18.4875;32
;9;36.0;18.15;24
;9;260.0;19.083333333333332;76
;9;1255.0;23.229166666666664;11
;9;183.0;18.7625;84
;9;151.0;18.629166666666666;11
;9;314.0;19.308333333333334;84
;9;131.0;18.545833333333334;84
;9;1510.0;24.291666666666664;11
;9;112.0;18.466666666666665;11
;9;594.0;20.475;52
;9;606.0;20.525;11
;9;91.0;18.379166666666666;11
;9;643.0;20.679166666666667;75
;9;26.0;18.108333333333334;1
;9;693.0;20.8875;53
;9;458.0;19.90833333333333;4
;9;33.0;18.1375;76
;9;18.0;18.075;84
;9;270.0;19.125;84
;9;154.0;18.641666666666666;32
;9;148.0;18.616666666666667;44
;9;341.0;19.420833333333334;76
;9;93.0;18.3875;27
;9;3908.0;34.28333333333333;11
;9;69.0;18.2875;11
;9;391.0;19.629166666666666;84
;9;179.0;18.745833333333334;32
;9;217.0;18.904166666666665;44
;9;46.0;18.191666666666666;75
;9;2079.0;26.6625;3
;9;132.0;18.55;52
;9;8.0;18.033333333333335;84
;9;131.0;18.545833333333334;11
;9;36.0;18.15;93
;9;21.0;18.0875;93
;9;39.0;18.1625;93
;9;976.0;22.066666666666666;84
;9;711.0;20.9625;1
;9;195.0;18.8125;44
;9;258.0;19.075;76
;9;319.0;19.329166666666666;76
;9;625.0;20.604166666666668;75
;9;99.0;18.4125;2
;9;351.0;19.4625;32
;9;242.0;19.008333333333333;84
;9;311.0;19.295833333333334;93
;9;123.0;18.5125;4
;9;1076.0;22.483333333333334;84
;9;98.0;18.408333333333335;75
;9;550.0;20.291666666666668;93
;9;62.0;18.258333333333333;52
;9;252.0;19.05;84
;9;113.0;18.470833333333335;93
;9;93.0;18.3875;93
;9;167.0;18.695833333333333;44
;9;396.0;19.65;44
;9;285.0;19.1875;53
;9;230.0;18.958333333333332;93
;9;893.0;21.720833333333335;76
;9;581.0;20.420833333333334;76
;9;5.0;18.020833333333332;84
;9;13.0;18.054166666666667;75
;9;26.0;18.108333333333334;76
;9;56.0;18.233333333333334;11
;9;186.0;18.775;75
;9;131.0;18.545833333333334;75
;9;5740.0;41.916666666666664;11
;9;301.0;19.254166666666666;84
;9;34.0;18.141666666666666;53
;9;1162.0;22.84166666666667;11
;9;455.0;19.895833333333332;53
;9;581.0;20.420833333333334;11
;9;123.0;18.5125;84
;9;34.0;18.141666666666666;11
;9;364.0;19.516666666666666;11
;9;134.0;18.558333333333334;27
;9;44.0;18.183333333333334;75
;9;19.0;18.079166666666666;28
;9;481.0;20.004166666666666;27
;9;59.0;18.245833333333334;11
;9;80.0;18.333333333333332;28
;9;387.0;19.6125;76
;9;364.0;19.516666666666666;44
;9;26.0;18.108333333333334;11
;9;81.0;18.3375;27
;9;211.0;18.879166666666666;11
;9;84.0;18.35;75
;9;127.0;18.529166666666665;75
;9;64.0;18.266666666666666;76
;9;176.0;18.733333333333334;44
;9;136.0;18.566666666666666;53
;9;653.0;20.72083333333333;44
;9;48.0;18.2;11
;9;88.0;18.366666666666667;32
;9;28.0;18.116666666666667;44
;9;236.0;18.983333333333334;84
;9;174.0;18.725;27
;9;416.0;19.733333333333334;84
;9;135.0;18.5625;11
;9;59.0;18.245833333333334;76
;9;1325.0;23.520833333333336;32
;9;263.0;19.095833333333335;11
;9;600.0;20.5;75
;9;251.0;19.045833333333334;76
;9;499.0;20.079166666666666;44
;9;324.0;19.35;28
;9;146.0;18.608333333333334;11
;9;540.0;20.25;11
;9;264.0;19.1;11
;9;308.0;19.283333333333335;75
;9;2335.0;27.729166666666668;11
;9;2623.0;28.929166666666667;44
;9;5217.0;39.7375;44
;9;119.0;18.495833333333334;93
;9;82.0;18.341666666666665;11
;9;45.0;18.1875;11
;9;2663.0;29.09583333333333;76
;9;86.0;18.358333333333334;53
;9;56.0;18.233333333333334;11
;9;124.0;18.516666666666666;44
;9;794.0;21.308333333333334;11
;9;133.0;18.554166666666667;28
;9;653.0;20.72083333333333;53
;9;672.0;20.8;11
;9;202.0;18.841666666666665;11
;9;145.0;18.604166666666668;27
;9;480.0;20.0;32
;9;209.0;18.870833333333334;11
;9;122.0;18.508333333333333;75
;9;17.0;18.070833333333333;27
;9;61.0;18.254166666666666;11
;9;25.0;18.104166666666668;44
;9;16.0;18.066666666666666;44
;9;52.0;18.216666666666665;11
;9;118.0;18.491666666666667;11
;9;241.0;19.004166666666666;75
;9;84.0;18.35;28
;9;1049.0;22.370833333333334;4
;9;29.0;18.120833333333334;75
;9;93.0;18.3875;28
;9;91.0;18.379166666666666;11
;9;97.0;18.404166666666665;11
;9;259.0;19.079166666666666;11
;9;560.0;20.333333333333332;84
;9;330.0;19.375;84
;9;381.0;19.5875;93
;9;302.0;19.258333333333333;11
;9;869.0;21.620833333333334;76
;9;202.0;18.841666666666665;32
;9;631.0;20.629166666666666;11
;9;422.0;19.758333333333333;11
;9;1470.0;24.125;84
;9;80.0;18.333333333333332;27
;9;119.0;18.495833333333334;28
;9;329.0;19.370833333333334;11
;9;824.0;21.433333333333334;76
;9;136.0;18.566666666666666;6
;9;146.0;18.608333333333334;76
;9;540.0;20.25;11
;9;191.0;18.795833333333334;32
;9;1374.0;23.725;52
;9;1992.0;26.3;93
;9;397.0;19.65416666666667;93
;9;106.0;18.441666666666666;76
;9;200.0;18.833333333333332;32
;9;1357.0;23.65416666666667;84
;9;617.0;20.570833333333333;75
;9;26.0;18.108333333333334;76
;9;52.0;18.216666666666665;76
;9;55.0;18.229166666666668;76
;9;92.0;18.383333333333333;27
;9;1026.0;22.275;32
;9;331.0;19.379166666666666;11
;9;147.0;18.6125;11
;9;688.0;20.866666666666667;28
;9;42.0;18.175;11
;9;134.0;18.558333333333334;11
;9;52.0;18.216666666666665;11
;9;189.0;18.7875;3
;9;144.0;18.6;44
;9;35.0;18.145833333333332;32
;9;157.0;18.654166666666665;76
;9;282.0;19.175;52
;9;219.0;18.9125;11
;9;181.0;18.754166666666666;11
;9;86.0;18.358333333333334;11
;9;142.0;18.591666666666665;11
;9;85.0;18.354166666666668;84
;9;115.0;18.479166666666668;84
;9;258.0;19.075;11
;9;100.0;18.416666666666668;11
;9;346.0;19.441666666666666;93
;9;453.0;19.8875;93
;9;270.0;19.125;84
;9;158.0;18.658333333333335;32
;9;99.0;18.4125;76
;9;17.0;18.070833333333333;24
;9;376.0;19.566666666666666;11
;9;741.0;21.0875;11
;9;718.0;20.991666666666667;11
;9;337.0;19.404166666666665;76
;9;150.0;18.625;11
;9;751.0;21.129166666666666;2
;9;410.0;19.708333333333332;76
;9;530.0;20.208333333333332;32
;9;534.0;20.225;11
;9;80.0;18.333333333333332;1
;9;83.0;18.345833333333335;84
;9;243.0;19.0125;93
;9;50.0;18.208333333333332;53
;9;239.0;18.995833333333334;84
;9;1514.0;24.308333333333334;53
;9;845.0;21.520833333333332;84
;9;62.0;18.258333333333333;52
;9;12.0;18.05;11
;9;304.0;19.266666666666666;52
;9;152.0;18.633333333333333;11
;9;554.0;20.308333333333334;11
;9;2191.0;27.129166666666666;53
;9;1184.0;22.933333333333334;53
;9;180.0;18.75;52
;9;50.0;18.208333333333332;32
;9;896.0;21.733333333333334;28
;9;264.0;19.1;11
;9;2048.0;26.53333333333333;44
;9;206.0;18.858333333333334;84
;9;202.0;18.841666666666665;84
;9;96.0;18.4;84
;9;177.0;18.7375;52
;9;856.0;21.566666666666666;32
;9;649.0;20.704166666666666;52
;9;1002.0;22.175;44
;9;690.0;20.875;84
;9;1260.0;23.25;44
;9;54.0;18.225;11
;9;3265.0;31.604166666666664;11
;9;100.0;18.416666666666668;52
;9;53.0;18.220833333333335;11
;9;103.0;18.429166666666667;93
;9;113.0;18.470833333333335;84
;9;121.0;18.504166666666666;76
;9;46.0;18.191666666666666;44
;9;193.0;18.804166666666667;52
;9;318.0;19.325;52
;9;125.0;18.520833333333332;11
;9;104.0;18.433333333333334;93
;9;233.0;18.970833333333335;27
;9;659.0;20.745833333333334;11
;9;63.0;18.2625;76
;9;367.0;19.529166666666665;4
;9;182.0;18.758333333333333;84
;9;86.0;18.358333333333334;11
;9;521.0;20.170833333333334;11
;9;164.0;18.683333333333334;76
;9;119.0;18.495833333333334;93
;9;420.0;19.75;52
;9;16.0;18.066666666666666;44
;9;61.0;18.254166666666666;11
;9;532.0;20.21666666666667;32
;9;285.0;19.1875;75
;9;601.0;20.504166666666666;11
;9;69.0;18.2875;84
;9;10.0;18.041666666666668;93
;9;36.0;18.15;93
;9;955.0;21.979166666666668;27
;9;585.0;20.4375;27
;9;15.0;18.0625;93
;9;320.0;19.333333333333332;52
;9;137.0;18.570833333333333;11
;9;224.0;18.933333333333334;84
;9;152.0;18.633333333333333;11
;9;322.0;19.341666666666665;84
;9;1135.0;22.729166666666664;52
;9;106.0;18.441666666666666;84
;9;983.0;22.09583333333333;84
;9;350.0;19.458333333333332;11
;9;269.0;19.120833333333334;28
;9;354.0;19.475;11
;9;1560.0;24.5;76
;9;242.0;19.008333333333333;11
;9;8.0;18.033333333333335;52
;9;54.0;18.225;93
;9;281.0;19.170833333333334;11
;9;120.0;18.5;28
;9;1527.0;24.3625;32
;9;120.0;18.5;11
;9;447.0;19.8625;24
;9;322.0;19.341666666666665;11
;9;15.0;18.0625;93
;9;199.0;18.829166666666666;76
;9;165.0;18.6875;84
;9;270.0;19.125;24
;9;253.0;19.054166666666667;11
;9;182.0;18.758333333333333;32
;9;369.0;19.5375;93
;9;761.0;21.170833333333334;84
;9;240.0;19.0;76
;9;20.0;18.083333333333332;11
;9;314.0;19.308333333333334;27
;9;150.0;18.625;11
;9;331.0;19.379166666666666;53
;9;590.0;20.458333333333332;93
;9;637.0;20.65416666666667;32
;9;482.0;20.008333333333333;44
;9;172.0;18.716666666666665;84
;9;65.0;18.270833333333332;84
;9;725.0;21.020833333333332;93
;9;104.0;18.433333333333334;44
;9;10254.0;60.725;11
;9;325.0;19.354166666666668;11
;9;52.0;18.216666666666665;1
;9;41.0;18.170833333333334;1
;9;55.0;18.229166666666668;53
;9;128.0;18.533333333333335;11
;9;582.0;20.425;93
;9;288.0;19.2;11
;9;93.0;18.3875;75
;9;377.0;19.570833333333333;84
;9;383.0;19.595833333333335;32
;9;87.0;18.3625;84
;9;341.0;19.420833333333334;76
;9;413.0;19.72083333333333;11
;9;25.0;18.104166666666668;11
;9;116.0;18.483333333333334;4
;9;116.0;18.483333333333334;75
;9;107.0;18.445833333333333;11
;9;1547.0;24.445833333333333;32
;9;366.0;19.525;27
;9;521.0;20.170833333333334;11
;9;271.0;19.129166666666666;93
;9;181.0;18.754166666666666;32
;9;844.0;21.516666666666666;11
;9;171.0;18.7125;93
;9;88.0;18.366666666666667;4
;9;470.0;19.958333333333332;75
;9;188.0;18.783333333333335;75
;9;9.0;18.0375;11
;9;49.0;18.204166666666666;11
;9;532.0;20.21666666666667;28
;9;288.0;19.2;11
;9;274.0;19.141666666666666;11
;9;34.0;18.141666666666666;11
;9;162.0;18.675;11
;9;61.0;18.254166666666666;53
;9;42.0;18.175;76
;9;482.0;20.008333333333333;24
;9;261.0;19.0875;11
;9;421.0;19.754166666666666;93
;9;306.0;19.275;27
;9;122.0;18.508333333333333;52
;9;72.0;18.3;75
;9;140.0;18.583333333333332;93
;9;138.0;18.575;76
;9;36.0;18.15;52
;9;177.0;18.7375;44
;9;104.0;18.433333333333334;75
;9;46.0;18.191666666666666;84
;9;142.0;18.591666666666665;76
;9;391.0;19.629166666666666;53
;9;8.0;18.033333333333335;93
;9;52.0;18.216666666666665;75
;9;89.0;18.370833333333334;11
;9;1077.0;22.4875;11
;9;785.0;21.270833333333332;52
;9;964.0;22.016666666666666;75
;9;851.0;21.545833333333334;84
;9;340.0;19.416666666666668;84
;9;2089.0;26.704166666666666;76
;9;1496.0;24.233333333333334;11
;9;4.0;18.016666666666666;44
;9;246.0;19.025;93
;9;101.0;18.420833333333334;11
;9;102.0;18.425;52
;9;10.0;18.041666666666668;76
;9;176.0;18.733333333333334;32
;9;62.0;18.258333333333333;24
;9;28.0;18.116666666666667;32
;9;9.0;18.0375;93
;9;976.0;22.066666666666666;11
;9;484.0;20.016666666666666;52
;9;135.0;18.5625;11
;9;11.0;18.045833333333334;53
;9;97.0;18.404166666666665;52
;9;92.0;18.383333333333333;53
;9;13.0;18.054166666666667;1
;9;23.0;18.095833333333335;93
;9;207.0;18.8625;84
;9;184.0;18.766666666666666;84
;9;198.0;18.825;11
;9;273.0;19.1375;11
;9;599.0;20.495833333333334;44
;9;865.0;21.604166666666668;27
;9;1090.0;22.541666666666664;6
;9;325.0;19.354166666666668;76
;9;1850.0;25.708333333333332;84
;9;80.0;18.333333333333332;11
;9;170.0;18.708333333333332;52
;9;68.0;18.283333333333335;11
;9;18.0;18.075;53
;9;95.0;18.395833333333332;75
;9;220.0;18.916666666666668;11
;9;11.0;18.045833333333334;52
;9;14.0;18.058333333333334;11
;9;304.0;19.266666666666666;11
;9;564.0;20.35;84
;9;1405.0;23.854166666666664;76
;9;2439.0;28.1625;44
;9;28.0;18.116666666666667;53
;9;151.0;18.629166666666666;52
;9;625.0;20.604166666666668;84
;9;667.0;20.77916666666667;11
;9;79.0;18.329166666666666;52
;9;31.0;18.129166666666666;11
;9;72.0;18.3;84
;9;115.0;18.479166666666668;44
;9;31.0;18.129166666666666;93
;9;45.0;18.1875;76
;9;43.0;18.179166666666667;76
;9;106.0;18.441666666666666;32
;9;590.0;20.458333333333332;28
;9;115.0;18.479166666666668;28
;9;157.0;18.654166666666665;52
;9;610.0;20.541666666666668;93
;9;79.0;18.329166666666666;75
;9;146.0;18.608333333333334;44
;9;70.0;18.291666666666668;76
;9;687.0;20.8625;84
;9;70.0;18.291666666666668;11
;9;30.0;18.125;93
;9;412.0;19.71666666666667;32
;9;244.0;19.016666666666666;32
;9;201.0;18.8375;11
;9;271.0;19.129166666666666;11
;9;120.0;18.5;76
;9;1208.0;23.03333333333333;52
;9;354.0;19.475;28
;9;231.0;18.9625;11
;9;446.0;19.858333333333334;76
;9;112.0;18.466666666666665;84
;9;33.0;18.1375;84
;9;105.0;18.4375;76
;9;92.0;18.383333333333333;11
;9;148.0;18.616666666666667;76
;9;343.0;19.429166666666667;93
;9;347.0;19.445833333333333;52
;9;315.0;19.3125;84
;9;276.0;19.15;75
;9;357.0;19.4875;11
;9;41.0;18.170833333333334;11
;9;11.0;18.045833333333334;75
;9;2787.0;29.6125;44
;9;766.0;21.191666666666666;11
;9;512.0;20.133333333333333;84
;9;30.0;18.125;2
;9;163.0;18.679166666666667;11
;9;98.0;18.408333333333335;75
;9;287.0;19.195833333333333;11
;9;119.0;18.495833333333334;11
;9;390.0;19.625;84
;9;154.0;18.641666666666666;32
;9;118.0;18.491666666666667;76
;9;426.0;19.775;44
;9;155.0;18.645833333333332;27
;9;43.0;18.179166666666667;52
;9;302.0;19.258333333333333;11
;9;61.0;18.254166666666666;4
;9;104.0;18.433333333333334;27
;9;192.0;18.8;44
;9;326.0;19.358333333333334;93
;9;101.0;18.420833333333334;93
;9;220.0;18.916666666666668;93
;9;1862.0;25.758333333333333;27
;9;1090.0;22.541666666666664;2
;9;256.0;19.066666666666666;44
;9;46.0;18.191666666666666;53
;9;5.0;18.020833333333332;84
;9;852.0;21.55;32
;9;1895.0;25.895833333333332;32
;9;170.0;18.708333333333332;93
;9;66.0;18.275;11
;9;1851.0;25.7125;11
;9;165.0;18.6875;84
;9;150.0;18.625;52
;9;22.0;18.091666666666665;76
;9;398.0;19.65833333333333;75
;9;256.0;19.066666666666666;24
;9;534.0;20.225;28
;9;1460.0;24.083333333333336;11
;9;72.0;18.3;11
;9;609.0;20.5375;27
;9;9.0;18.0375;11
;9;466.0;19.941666666666666;44
;9;79.0;18.329166666666666;11
;9;31.0;18.129166666666666;76
;9;1314.0;23.475;4
;9;125.0;18.520833333333332;53
;9;709.0;20.954166666666666;84
;9;240.0;19.0;93
;9;260.0;19.083333333333332;24
;9;344.0;19.433333333333334;44
;9;40.0;18.166666666666668;93
;9;44.0;18.183333333333334;76
;9;63.0;18.2625;75
;9;119.0;18.495833333333334;32
;9;842.0;21.508333333333333;84
;9;2336.0;27.733333333333334;11
;9;372.0;19.55;84
;9;12.0;18.05;76
;9;167.0;18.695833333333333;28
;9;271.0;19.129166666666666;76
;9;48.0;18.2;84
;9;200.0;18.833333333333332;84
;9;540.0;20.25;11
;9;415.0;19.729166666666668;93
;9;204.0;18.85;27
;9;42.0;18.175;76
;9;402.0;19.675;52
;9;698.0;20.90833333333333;76
;9;77.0;18.320833333333333;93
;9;34.0;18.141666666666666;75
;9;825.0;21.4375;84
;9;500.0;20.083333333333332;32
;9;165.0;18.6875;52
;9;2722.0;29.34166666666667;52
;9;477.0;19.9875;93
;9;227.0;18.945833333333333;76
;9;2689.0;29.204166666666666;76
;9;1158.0;22.825;32
;9;53.0;18.220833333333335;76
;9;394.0;19.641666666666666;76
;9;366.0;19.525;52
;9;296.0;19.233333333333334;52
;9;1413.0;23.8875;27
;9;229.0;18.954166666666666;75
;9;99.0;18.4125;76
;9;109.0;18.454166666666666;76
;9;165.0;18.6875;93
;9;832.0;21.466666666666665;53
;9;34.0;18.141666666666666;76
;9;162.0;18.675;28
;9;96.0;18.4;52
;9;45.0;18.1875;76
;9;184.0;18.766666666666666;28
;9;542.0;20.258333333333333;11
;9;92.0;18.383333333333333;32
;9;87.0;18.3625;28
;9;336.0;19.4;93
;9;69.0;18.2875;53
;9;150.0;18.625;44
;9;125.0;18.520833333333332;76
;9;359.0;19.495833333333334;76
;9;261.0;19.0875;76
;9;573.0;20.3875;52
;9;1026.0;22.275;44
;9;74.0;18.308333333333334;84
;9;32.0;18.133333333333333;53
;9;50.0;18.208333333333332;75
;9;95.0;18.395833333333332;75
;9;116.0;18.483333333333334;32
;9;48.0;18.2;76
;9;3563.0;32.84583333333333;27
;9;964.0;22.016666666666666;52
;9;34.0;18.141666666666666;1
;9;540.0;20.25;24
;9;9.0;18.0375;75
;9;150.0;18.625;44
;9;314.0;19.308333333333334;11
;9;50.0;18.208333333333332;11
;9;4187.0;35.44583333333333;11
;9;118.0;18.491666666666667;75
;9;781.0;21.254166666666666;32
;9;386.0;19.608333333333334;32
;9;1180.0;22.916666666666664;84
;9;753.0;21.1375;76
;9;109.0;18.454166666666666;76
;9;216.0;18.9;11
;9;178.0;18.741666666666667;4
;9;99.0;18.4125;84
;9;1935.0;26.0625;11
;9;291.0;19.2125;76
;9;493.0;20.054166666666667;52
;9;142.0;18.591666666666665;52
;9;149.0;18.620833333333334;76
;9;523.0;20.179166666666667;44
;9;204.0;18.85;44
;9;20.0;18.083333333333332;76
;9;572.0;20.383333333333333;11
;9;53.0;18.220833333333335;11
;9;642.0;20.675;84
;9;84.0;18.35;11
;9;1266.0;23.275;11
;9;23.0;18.095833333333335;11
;9;1092.0;22.55;76
;9;226.0;18.941666666666666;28
;9;23.0;18.095833333333335;93
;9;221.0;18.920833333333334;84
;9;77.0;18.320833333333333;84
;9;285.0;19.1875;93
;9;172.0;18.716666666666665;93
;9;801.0;21.3375;52
;9;24.0;18.1;76
;9;19.0;18.079166666666666;11
;9;21.0;18.0875;11
;9;460.0;19.916666666666668;11
;9;116.0;18.483333333333334;84
;9;211.0;18.879166666666666;11
;9;136.0;18.566666666666666;84
;9;377.0;19.570833333333333;11
;9;501.0;20.0875;11
;9;57.0;18.2375;84
;9;54.0;18.225;11
;9;135.0;18.5625;44
;9;166.0;18.691666666666666;32
;9;95.0;18.395833333333332;84
;9;305.0;19.270833333333332;2
;9;163.0;18.679166666666667;53
;9;328.0;19.366666666666667;76
;9;276.0;19.15;28
;9;625.0;20.604166666666668;11
;9;71.0;18.295833333333334;76
;9;80.0;18.333333333333332;11
;9;68.0;18.283333333333335;84
;9;417.0;19.7375;11
;9;287.0;19.195833333333333;11
;9;354.0;19.475;11
;9;309.0;19.2875;32
;9;51.0;18.2125;32
;9;1163.0;22.84583333333333;84
;9;265.0;19.104166666666668;24
;9;261.0;19.0875;44
;9;201.0;18.8375;11
;9;257.0;19.070833333333333;93
;9;106.0;18.441666666666666;93
;9;386.0;19.608333333333334;84
;9;231.0;18.9625;76
;9;88.0;18.366666666666667;93
;9;296.0;19.233333333333334;11
;9;510.0;20.125;11
;9;296.0;19.233333333333334;93
;9;116.0;18.483333333333334;75
;9;193.0;18.804166666666667;2
;9;238.0;18.991666666666667;11
;9;150.0;18.625;53
;9;178.0;18.741666666666667;11
;9;1250.0;23.208333333333336;11
;9;495.0;20.0625;52
;9;248.0;19.033333333333335;28
;9;287.0;19.195833333333333;75
;9;7460.0;49.08333333333333;76
;9;29.0;18.120833333333334;76
;9;197.0;18.820833333333333;1
;10;455.0;21.895833333333332;11
;10;912.0;23.8;11
;10;95.0;20.395833333333332;11
;10;393.0;21.6375;11
;10;157.0;20.654166666666665;11
;10;128.0;20.533333333333335;84
;10;3948.0;36.45;28
;10;256.0;21.066666666666666;11
;10;49.0;20.204166666666666;1
;10;48.0;20.2;76
;10;108.0;20.45;93
;10;1684.0;27.016666666666666;11
;10;156.0;20.65;84
;10;210.0;20.875;44
;10;806.0;23.358333333333334;32
;10;1548.0;26.45;84
;10;116.0;20.483333333333334;11
;10;113.0;20.470833333333335;52
;10;1649.0;26.870833333333334;44
;10;227.0;20.945833333333333;84
;10;1072.0;24.46666666666667;84
;10;2295.0;29.5625;76
;10;156.0;20.65;75
;10;591.0;22.4625;11
;10;97.0;20.404166666666665;75
;10;115.0;20.479166666666668;2
;10;145.0;20.604166666666668;11
;10;453.0;21.8875;11
;10;512.0;22.133333333333333;11
;10;286.0;21.191666666666666;44
;10;616.0;22.566666666666666;44
;10;406.0;21.691666666666666;84
;10;110.0;20.458333333333332;32
;10;632.0;22.633333333333333;75
;10;355.0;21.479166666666668;53
;10;367.0;21.529166666666665;11
;10;75.0;20.3125;75
;10;897.0;23.7375;76
;10;95.0;20.395833333333332;53
;10;23.0;20.095833333333335;53
;10;29.0;20.120833333333334;76
;10;42.0;20.175;53
;10;363.0;21.5125;75
;10;187.0;20.779166666666665;76
;10;511.0;22.129166666666666;32
;10;157.0;20.654166666666665;44
;10;1430.0;25.958333333333336;11
;10;118.0;20.491666666666667;11
;10;93.0;20.3875;75
;10;80.0;20.333333333333332;75
;10;37.0;20.154166666666665;75
;10;31.0;20.129166666666666;93
;10;45.0;20.1875;93
;10;271.0;21.129166666666666;11
;10;96.0;20.4;84
;10;55.0;20.229166666666668;2
;10;199.0;20.829166666666666;32
;10;113.0;20.470833333333335;11
;10;67.0;20.279166666666665;93
;10;628.0;22.616666666666667;11
;10;200.0;20.833333333333332;84
;10;1039.0;24.329166666666666;11
;10;249.0;21.0375;93
;10;937.0;23.904166666666665;11
;10;136.0;20.566666666666666;2
;10;3132.0;33.05;52
;10;370.0;21.541666666666668;28
;10;642.0;22.675;4
;10;2052.0;28.55;84
;10;20.0;20.083333333333332;84
;10;142.0;20.591666666666665;76
;10;2100.0;28.75;32
;10;352.0;21.466666666666665;11
;10;417.0;21.7375;44
;10;145.0;20.604166666666668;93
;10;512.0;22.133333333333333;11
;10;364.0;21.516666666666666;84
;10;126.0;20.525;75
;10;72.0;20.3;84
;10;183.0;20.7625;44
;10;122.0;20.508333333333333;52
;10;671.0;22.795833333333334;76
;10;48.0;20.2;76
;10;362.0;21.508333333333333;76
;10;51.0;20.2125;11
;10;66.0;20.275;27
;10;48.0;20.2;75
;10;180.0;20.75;76
;10;109.0;20.454166666666666;75
;10;161.0;20.670833333333334;84
;10;777.0;23.2375;52
;10;134.0;20.558333333333334;11
;10;1608.0;26.7;11
;10;201.0;20.8375;28
;10;134.0;20.558333333333334;32
;10;11.0;20.045833333333334;93
;10;249.0;21.0375;44
;10;160.0;20.666666666666668;11
;10;1364.0;25.683333333333334;32
;10;450.0;21.875;11
;10;55.0;20.229166666666668;93
;10;352.0;21.466666666666665;93
;10;154.0;20.641666666666666;84
;10;458.0;21.90833333333333;93
;10;414.0;21.725;11
;10;110.0;20.458333333333332;76
;10;104.0;20.433333333333334;11
;10;363.0;21.5125;76
;10;14.0;20.058333333333334;84
;10;21.0;20.0875;84
;10;219.0;20.9125;11
;10;185.0;20.770833333333332;84
;10;1752.0;27.3;76
;10;14.0;20.058333333333334;11
;10;419.0;21.745833333333334;75
;10;250.0;21.041666666666668;11
;10;437.0;21.820833333333333;84
;10;69.0;20.2875;4
;10;41.0;20.170833333333334;11
;10;87.0;20.3625;52
;10;3.0;20.0125;11
;10;291.0;21.2125;84
;10;171.0;20.7125;53
;10;1022.0;24.258333333333333;76
;10;267.0;21.1125;76
;10;89.0;20.370833333333334;32
;10;130.0;20.541666666666668;24
;10;603.0;22.5125;44
;10;130.0;20.541666666666668;84
;10;162.0;20.675;75
;10;131.0;20.545833333333334;75
;10;1.0;20.004166666666666;84
;10;456.0;21.9;28
;10;293.0;21.220833333333335;11
;10;53.0;20.220833333333335;2
;10;294.0;21.225;4
;10;191.0;20.795833333333334;76
;10;539.0;22.245833333333334;53
;10;365.0;21.520833333333332;32
;10;808.0;23.366666666666667;76
;10;97.0;20.404166666666665;84
;10;94.0;20.391666666666666;84
;10;82.0;20.341666666666665;76
;10;96.0;20.4;32
;10;1880.0;27.833333333333332;44
;10;108.0;20.45;32
;10;553.0;22.304166666666667;52
;10;558.0;22.325;76
;10;692.0;22.883333333333333;93
;10;177.0;20.7375;11
;10;253.0;21.054166666666667;11
;10;519.0;22.1625;11
;10;403.0;21.679166666666667;75
;10;149.0;20.620833333333334;11
;10;157.0;20.654166666666665;75
;10;293.0;21.220833333333335;44
;10;110.0;20.458333333333332;53
;10;2154.0;28.975;27
;10;1.0;20.004166666666666;76
;10;416.0;21.733333333333334;76
;10;62.0;20.258333333333333;27
;10;205.0;20.854166666666668;11
;10;831.0;23.4625;24
;10;178.0;20.741666666666667;32
;10;1764.0;27.35;11
;10;1438.0;25.991666666666667;32
;10;21.0;20.0875;93
;10;48.0;20.2;84
;10;102.0;20.425;84
;10;174.0;20.725;44
;10;952.0;23.966666666666665;52
;10;507.0;22.1125;93
;10;387.0;21.6125;84
;10;1746.0;27.275;84
;10;784.0;23.266666666666666;93
;10;356.0;21.483333333333334;52
;10;32.0;20.133333333333333;44
;10;80.0;20.333333333333332;75
;10;2570.0;30.708333333333332;11
;10;487.0;22.02916666666667;11
;10;134.0;20.558333333333334;27
;10;790.0;23.291666666666668;75
;10;18.0;20.075;52
;10;100.0;20.416666666666668;75
;10;211.0;20.879166666666666;84
;10;105.0;20.4375;84
;10;523.0;22.179166666666667;11
;10;157.0;20.654166666666665;11
;10;84.0;20.35;11
;10;437.0;21.820833333333333;52
;10;70.0;20.291666666666668;32
;10;27.0;20.1125;84
;10;200.0;20.833333333333332;76
;10;862.0;23.591666666666665;11
;10;96.0;20.4;53
;10;152.0;20.633333333333333;52
;10;294.0;21.225;94
;10;2374.0;29.891666666666666;84
;10;461.0;21.920833333333334;11
;10;26.0;20.108333333333334;11
;10;299.0;21.245833333333334;11
;10;96.0;20.4;11
;10;203.0;20.845833333333335;93
;10;340.0;21.416666666666668;76
;10;455.0;21.895833333333332;84
;10;12.0;20.05;2
;10;36.0;20.15;2
;10;330.0;21.375;76
;10;240.0;21.0;11
;10;41.0;20.170833333333334;84
;10;257.0;21.070833333333333;84
;10;1737.0;27.2375;11
;10;41.0;20.170833333333334;75
;10;64.0;20.266666666666666;75
;10;36.0;20.15;76
;10;817.0;23.404166666666665;76
;10;70.0;20.291666666666668;53
;10;165.0;20.6875;84
;10;856.0;23.566666666666666;75
;10;43.0;20.179166666666667;44
;10;78.0;20.325;84
;10;128.0;20.533333333333335;53
;10;53.0;20.220833333333335;52
;10;256.0;21.066666666666666;93
;10;767.0;23.195833333333333;32
;10;256.0;21.066666666666666;84
;10;31.0;20.129166666666666;76
;10;561.0;22.3375;24
;10;579.0;22.4125;11
;10;100.0;20.416666666666668;11
;10;89.0;20.370833333333334;93
;10;198.0;20.825;11
;10;113.0;20.470833333333335;11
;10;180.0;20.75;52
;10;186.0;20.775;93
;10;232.0;20.966666666666665;11
;10;301.0;21.254166666666666;11
;10;304.0;21.266666666666666;11
;10;254.0;21.058333333333334;11
;10;128.0;20.533333333333335;11
;10;820.0;23.416666666666668;76
;10;97.0;20.404166666666665;44
;10;181.0;20.754166666666666;93
;10;99.0;20.4125;84
;10;130.0;20.541666666666668;93
;10;100.0;20.416666666666668;11
;10;44.0;20.183333333333334;75
;10;19.0;20.079166666666666;93
;10;107.0;20.445833333333333;93
;10;1326.0;25.525;11
;10;861.0;23.5875;11
;10;1412.0;25.883333333333333;53
;10;134.0;20.558333333333334;24
;10;181.0;20.754166666666666;32
;10;167.0;20.695833333333333;32
;10;115.0;20.479166666666668;44
;10;77.0;20.320833333333333;84
;10;1193.0;24.97083333333333;11
;10;155.0;20.645833333333332;52
;10;119.0;20.495833333333334;27
;10;94.0;20.391666666666666;11
;10;33.0;20.1375;84
;10;2749.0;31.454166666666666;93
;10;67.0;20.279166666666665;52
;10;160.0;20.666666666666668;11
;10;49.0;20.204166666666666;27
;10;147.0;20.6125;52
;10;195.0;20.8125;52
;10;214.0;20.891666666666666;11
;10;46.0;20.191666666666666;44
;10;214.0;20.891666666666666;24
;10;440.0;21.833333333333332;11
;10;28.0;20.116666666666667;93
;10;335.0;21.395833333333332;44
;10;741.0;23.0875;11
;10;78.0;20.325;11
;10;30.0;20.125;84
;10;30.0;20.125;27
;10;166.0;20.691666666666666;76
;10;329.0;21.370833333333334;4
;10;437.0;21.820833333333333;93
;10;133.0;20.554166666666667;53
;10;168.0;20.7;11
;10;108.0;20.45;75
;10;11.0;20.045833333333334;93
;10;25.0;20.104166666666668;11
;10;63.0;20.2625;76
;10;84.0;20.35;27
;10;148.0;20.616666666666667;11
;10;11.0;20.045833333333334;11
;10;259.0;21.079166666666666;53
;10;123.0;20.5125;32
;10;165.0;20.6875;28
;10;47.0;20.195833333333333;11
;10;214.0;20.891666666666666;11
;10;1176.0;24.9;24
;10;205.0;20.854166666666668;32
;10;82.0;20.341666666666665;44
;10;76.0;20.316666666666666;84
;10;439.0;21.829166666666666;84
;10;51.0;20.2125;84
;10;176.0;20.733333333333334;94
;10;108.0;20.45;53
;10;360.0;21.5;84
;10;85.0;20.354166666666668;32
;10;124.0;20.516666666666666;11
;10;1716.0;27.15;11
;10;237.0;20.9875;84
;10;48.0;20.2;76
;10;1803.0;27.5125;75
;10;670.0;22.791666666666668;75
;10;147.0;20.6125;11
;10;191.0;20.795833333333334;11
;10;136.0;20.566666666666666;11
;10;86.0;20.358333333333334;24
;10;478.0;21.991666666666667;76
;10;352.0;21.466666666666665;76
;10;104.0;20.433333333333334;4
;10;551.0;22.295833333333334;84
;10;132.0;20.55;52
;10;4975.0;40.729166666666664;32
;10;182.0;20.758333333333333;75
;10;57.0;20.2375;11
;10;93.0;20.3875;76
;10;170.0;20.708333333333332;11
;10;1800.0;27.5;52
;10;997.0;24.15416666666667;11
;10;23.0;20.095833333333335;93
;10;940.0;23.916666666666668;93
;10;1089.0;24.5375;32
;10;1657.0;26.90416666666667;11
;10;666.0;22.775;84
;10;85.0;20.354166666666668;11
;10;16.0;20.066666666666666;11
;10;204.0;20.85;11
;10;13.0;20.054166666666667;11
;10;121.0;20.504166666666666;11
;10;155.0;20.645833333333332;11
;10;1514.0;26.308333333333334;44
;10;87.0;20.3625;76
;10;403.0;21.679166666666667;11
;10;710.0;22.958333333333332;24
;10;163.0;20.679166666666667;11
;10;25.0;20.104166666666668;93
;10;698.0;22.90833333333333;52
;10;61.0;20.254166666666666;11
;10;1291.0;25.379166666666666;24
;10;90.0;20.375;76
;10;275.0;21.145833333333332;76
;10;354.0;21.475;75
;10;28.0;20.116666666666667;84
;10;107.0;20.445833333333333;24
;10;81.0;20.3375;93
;10;139.0;20.579166666666666;93
;10;139.0;20.579166666666666;52
;10;711.0;22.9625;75
;10;128.0;20.533333333333335;93
;10;104.0;20.433333333333334;75
;10;104.0;20.433333333333334;76
;10;233.0;20.970833333333335;75
;10;85.0;20.354166666666668;76
;10;240.0;21.0;52
;10;85.0;20.354166666666668;32
;10;461.0;21.920833333333334;84
;10;602.0;22.508333333333333;11
;10;109.0;20.454166666666666;11
;10;2800.0;31.666666666666668;11
;10;941.0;23.920833333333334;11
;10;393.0;21.6375;44
;10;468.0;21.95;32
;10;181.0;20.754166666666666;11
;10;1899.0;27.9125;84
;10;117.0;20.4875;4
;10;6382.0;46.59166666666667;11
;10;64.0;20.266666666666666;11
;10;136.0;20.566666666666666;4
;10;106.0;20.441666666666666;84
;10;173.0;20.720833333333335;24
;10;983.0;24.09583333333333;93
;10;291.0;21.2125;84
;10;823.0;23.429166666666667;44
;10;114.0;20.475;84
;10;24.0;20.1;84
;10;120.0;20.5;93
;10;225.0;20.9375;75
;10;334.0;21.391666666666666;11
;10;601.0;22.504166666666666;27
;10;139.0;20.579166666666666;93
;10;217.0;20.904166666666665;53
;10;101.0;20.420833333333334;27
;10;324.0;21.35;76
;10;157.0;20.654166666666665;93
;10;493.0;22.054166666666667;52
;10;500.0;22.083333333333332;52
;10;1208.0;25.03333333333333;32
;10;120.0;20.5;53
;10;72.0;20.3;11
;10;126.0;20.525;11
;10;154.0;20.641666666666666;53
;10;178.0;20.741666666666667;44
;10;68.0;20.283333333333335;75
;10;102.0;20.425;44
;10;2453.0;30.22083333333333;11
;10;28.0;20.116666666666667;11
;10;79.0;20.329166666666666;52
;10;155.0;20.645833333333332;11
;10;3386.0;34.108333333333334;84
;10;246.0;21.025;4
;10;274.0;21.141666666666666;93
;10;77.0;20.320833333333333;28
;10;246.0;21.025;28
;10;627.0;22.6125;27
;10;161.0;20.670833333333334;11
;10;145.0;20.604166666666668;11
;10;315.0;21.3125;11
;10;1766.0;27.358333333333334;11
;10;182.0;20.758333333333333;11
;10;31.0;20.129166666666666;76
;10;479.0;21.995833333333334;11
;10;566.0;22.358333333333334;76
;10;121.0;20.504166666666666;76
;10;382.0;21.591666666666665;84
;10;46.0;20.191666666666666;1
;10;133.0;20.554166666666667;11
;10;205.0;20.854166666666668;44
;10;53.0;20.220833333333335;93
;10;21.0;20.0875;84
;10;190.0;20.791666666666668;11
;10;144.0;20.6;11
;10;428.0;21.78333333333333;11
;10;191.0;20.795833333333334;75
;10;2143.0;28.929166666666667;76
;10;121.0;20.504166666666666;84
;10;235.0;20.979166666666668;32
;10;9.0;20.0375;93
;10;76.0;20.316666666666666;11
;10;99.0;20.4125;84
;10;1043.0;24.34583333333333;93
;10;65.0;20.270833333333332;93
;10;59.0;20.245833333333334;76
;10;646.0;22.691666666666666;93
;10;95.0;20.395833333333332;76
;10;2639.0;30.995833333333334;52
;10;883.0;23.679166666666667;28
;10;106.0;20.441666666666666;93
;10;122.0;20.508333333333333;93
;10;130.0;20.541666666666668;11
;10;68.0;20.283333333333335;11
;10;296.0;21.233333333333334;11
;10;5.0;20.020833333333332;53
;10;979.0;24.079166666666666;93
;10;273.0;21.1375;75
;10;354.0;21.475;44
;10;754.0;23.141666666666666;52
;10;48.0;20.2;93
;10;360.0;21.5;53
;10;275.0;21.145833333333332;84
;10;34.0;20.141666666666666;76
;10;322.0;21.341666666666665;28
;10;88.0;20.366666666666667;84
;10;1461.0;26.0875;11
;10;59.0;20.245833333333334;11
;10;305.0;21.270833333333332;75
;10;162.0;20.675;75
;10;104.0;20.433333333333334;93
;10;268.0;21.116666666666667;93
;10;90.0;20.375;11
;10;194.0;20.808333333333334;11
;10;136.0;20.566666666666666;11
;10;403.0;21.679166666666667;11
;10;706.0;22.941666666666666;11
;10;100.0;20.416666666666668;11
;10;239.0;20.995833333333334;76
;10;162.0;20.675;84
;10;365.0;21.520833333333332;53
;10;197.0;20.820833333333333;11
;10;80.0;20.333333333333332;84
;10;73.0;20.304166666666667;93
;10;154.0;20.641666666666666;75
;10;120.0;20.5;76
;10;31.0;20.129166666666666;76
;10;111.0;20.4625;52
;10;158.0;20.658333333333335;52
;10;365.0;21.520833333333332;76
;10;124.0;20.516666666666666;28
;10;24.0;20.1;93
;10;75.0;20.3125;11
;10;523.0;22.179166666666667;53
;10;38.0;20.158333333333335;76
;10;161.0;20.670833333333334;93
;10;1612.0;26.71666666666667;76
;10;211.0;20.879166666666666;4
;10;97.0;20.404166666666665;76
;10;201.0;20.8375;84
;10;129.0;20.5375;28
;10;317.0;21.320833333333333;44
;10;120.0;20.5;2
;10;81.0;20.3375;44
;10;99.0;20.4125;75
;10;232.0;20.966666666666665;11
;10;72.0;20.3;28
;10;87.0;20.3625;75
;10;21.0;20.0875;44
;10;203.0;20.845833333333335;76
;10;150.0;20.625;84
;10;58.0;20.241666666666667;84
;10;118.0;20.491666666666667;75
;10;376.0;21.566666666666666;75
;10;410.0;21.708333333333332;84
;10;445.0;21.854166666666668;52
;10;298.0;21.241666666666667;84
;10;81.0;20.3375;76
;10;1150.0;24.791666666666664;44
;10;56.0;20.233333333333334;1
;10;23.0;20.095833333333335;4
;10;738.0;23.075;27
;10;224.0;20.933333333333334;93
;10;161.0;20.670833333333334;2
;10;291.0;21.2125;76
;10;717.0;22.9875;75
;10;44.0;20.183333333333334;28
;10;203.0;20.845833333333335;28
;10;43.0;20.179166666666667;44
;10;55.0;20.229166666666668;27
;10;18.0;20.075;27
;10;61.0;20.254166666666666;27
;10;3.0;20.0125;52
;10;24.0;20.1;52
;10;8.0;20.033333333333335;1
;10;37.0;20.154166666666665;52
;10;66.0;20.275;52
;10;420.0;21.75;84
;10;50.0;20.208333333333332;93
;10;384.0;21.6;93
;10;253.0;21.054166666666667;11
;10;29.0;20.120833333333334;84
;10;326.0;21.358333333333334;32
;10;380.0;21.583333333333332;11
;10;197.0;20.820833333333333;32
;10;6959.0;48.99583333333333;11
;10;35.0;20.145833333333332;53
;10;10.0;20.041666666666668;32
;10;825.0;23.4375;11
;10;424.0;21.766666666666666;11
;10;28.0;20.116666666666667;52
;10;279.0;21.1625;93
;10;221.0;20.920833333333334;93
;10;24.0;20.1;75
;10;2.0;20.008333333333333;11
;10;190.0;20.791666666666668;53
;10;516.0;22.15;84
;10;167.0;20.695833333333333;44
;10;326.0;21.358333333333334;11
;10;86.0;20.358333333333334;76
;10;1294.0;25.391666666666666;75
;10;153.0;20.6375;93
;10;112.0;20.466666666666665;93
;10;33.0;20.1375;11
;10;1059.0;24.4125;11
;10;151.0;20.629166666666666;28
;10;1175.0;24.895833333333336;11
;10;117.0;20.4875;53
;10;468.0;21.95;11
;10;87.0;20.3625;11
;10;424.0;21.766666666666666;76
;10;1452.0;26.05;84
;10;28.0;20.116666666666667;75
;10;192.0;20.8;28
;10;232.0;20.966666666666665;93
;10;107.0;20.445833333333333;93
;10;1555.0;26.479166666666668;84
;10;10.0;20.041666666666668;11
;10;22.0;20.091666666666665;11
;10;588.0;22.45;11
;10;109.0;20.454166666666666;84
;10;549.0;22.2875;76
;10;226.0;20.941666666666666;24
;10;236.0;20.983333333333334;84
;10;359.0;21.495833333333334;84
;10;283.0;21.179166666666667;11
;10;189.0;20.7875;6
;10;352.0;21.466666666666665;52
;10;71.0;20.295833333333334;11
;10;1655.0;26.895833333333332;11
;10;366.0;21.525;75
;10;757.0;23.15416666666667;84
;10;205.0;20.854166666666668;27
;10;210.0;20.875;11
;10;39.0;20.1625;84
;10;17.0;20.070833333333333;76
;10;54.0;20.225;44
;10;445.0;21.854166666666668;11
;10;524.0;22.183333333333334;24
;10;152.0;20.633333333333333;84
;10;327.0;21.3625;75
;10;1156.0;24.816666666666666;44
;10;628.0;22.616666666666667;11
;10;41.0;20.170833333333334;84
;10;101.0;20.420833333333334;11
;10;172.0;20.716666666666665;28
;10;470.0;21.958333333333332;84
;10;48.0;20.2;32
;10;238.0;20.991666666666667;11
;10;182.0;20.758333333333333;11
;10;843.0;23.5125;11
;10;95.0;20.395833333333332;52
;10;169.0;20.704166666666666;84
;10;9.0;20.0375;84
;10;10.0;20.041666666666668;32
;10;146.0;20.608333333333334;93
;10;1130.0;24.708333333333336;44
;10;352.0;21.466666666666665;76
;10;224.0;20.933333333333334;11
;10;143.0;20.595833333333335;75
;10;245.0;21.020833333333332;44
;10;71.0;20.295833333333334;75
;10;336.0;21.4;52
;10;126.0;20.525;93
;10;164.0;20.683333333333334;11
;10;281.0;21.170833333333334;44
;10;1238.0;25.15833333333333;32
;10;70.0;20.291666666666668;76
;10;61.0;20.254166666666666;93
;10;1534.0;26.391666666666666;84
;10;52.0;20.216666666666665;28
;10;266.0;21.108333333333334;11
;10;94.0;20.391666666666666;4
;10;1519.0;26.329166666666666;11
;10;91.0;20.379166666666666;11
;10;19.0;20.079166666666666;84
;10;37.0;20.154166666666665;11
;10;33.0;20.1375;76
;10;71.0;20.295833333333334;52
;10;1379.0;25.745833333333334;84
;10;212.0;20.883333333333333;76
;10;154.0;20.641666666666666;11
;10;78.0;20.325;75
;10;251.0;21.045833333333334;75
;10;638.0;22.65833333333333;11
;10;634.0;22.641666666666666;84
;10;185.0;20.770833333333332;32
;10;95.0;20.395833333333332;76
;10;199.0;20.829166666666666;27
;10;226.0;20.941666666666666;93
;10;106.0;20.441666666666666;76
;10;180.0;20.75;53
;10;575.0;22.395833333333332;84
;10;552.0;22.3;27
;10;1312.0;25.46666666666667;84
;10;22.0;20.091666666666665;11
;10;1410.0;25.875;93
;10;679.0;22.829166666666666;27
;10;1609.0;26.704166666666666;53
;10;2185.0;29.104166666666668;24
;10;1423.0;25.929166666666667;76
;10;936.0;23.9;32
;10;107.0;20.445833333333333;93
;10;146.0;20.608333333333334;76
;10;451.0;21.879166666666666;84
;10;1124.0;24.683333333333334;76
;10;102.0;20.425;11
;10;676.0;22.816666666666666;52
;10;1037.0;24.320833333333333;76
;10;183.0;20.7625;53
;10;525.0;22.1875;93
;10;302.0;21.258333333333333;93
;10;135.0;20.5625;4
;10;2252.0;29.383333333333333;11
;10;102.0;20.425;4
;10;1117.0;24.65416666666667;52
;10;471.0;21.9625;84
;10;745.0;23.104166666666668;27
;10;145.0;20.604166666666668;75
;10;86.0;20.358333333333334;93
;10;236.0;20.983333333333334;11
;10;2540.0;30.583333333333332;11
;10;4043.0;36.84583333333333;32
;10;7235.0;50.14583333333333;11
;10;653.0;22.72083333333333;93
;10;241.0;21.004166666666666;93
;10;873.0;23.6375;52
;10;305.0;21.270833333333332;32
;10;59.0;20.245833333333334;28
;10;186.0;20.775;44
;10;679.0;22.829166666666666;93
;10;862.0;23.591666666666665;24
;10;166.0;20.691666666666666;11
;10;11.0;20.045833333333334;75
;10;39.0;20.1625;84
;10;401.0;21.670833333333334;11
;10;912.0;23.8;11
;10;71.0;20.295833333333334;52
;10;137.0;20.570833333333333;27
;10;105.0;20.4375;28
;10;2603.0;30.84583333333333;28
;10;85.0;20.354166666666668;11
;10;102.0;20.425;11
;10;705.0;22.9375;52
;10;207.0;20.8625;11
;10;1581.0;26.5875;44
;10;294.0;21.225;93
;10;77.0;20.320833333333333;28
;10;570.0;22.375;32
;10;1228.0;25.116666666666667;84
;10;91.0;20.379166666666666;76
;10;179.0;20.745833333333334;11
;10;242.0;21.008333333333333;11
;10;29.0;20.120833333333334;76
;10;151.0;20.629166666666666;84
;10;69.0;20.2875;11
;10;356.0;21.483333333333334;32
;10;2150.0;28.958333333333332;53
;10;449.0;21.870833333333334;93
;10;390.0;21.625;11
;10;86.0;20.358333333333334;84
;10;78.0;20.325;11
;10;557.0;22.320833333333333;27
;10;533.0;22.22083333333333;11
;10;23.0;20.095833333333335;11
;10;82.0;20.341666666666665;75
;10;4392.0;38.3;52
;10;1302.0;25.425;44
;10;242.0;21.008333333333333;53
;10;10.0;20.041666666666668;11
;10;163.0;20.679166666666667;84
;10;129.0;20.5375;11
;10;231.0;20.9625;75
;10;181.0;20.754166666666666;11
;10;137.0;20.570833333333333;11
;10;110.0;20.458333333333332;28
;10;114.0;20.475;93
;10;104.0;20.433333333333334;11
;10;100.0;20.416666666666668;24
;10;627.0;22.6125;75
;10;184.0;20.766666666666666;75
;10;95.0;20.395833333333332;11
;10;59.0;20.245833333333334;11
;10;170.0;20.708333333333332;11
;10;837.0;23.4875;11
;10;234.0;20.975;32
;10;99.0;20.4125;44
;10;261.0;21.0875;11
;10;131.0;20.545833333333334;11
;10;5672.0;43.63333333333333;93
;10;38.0;20.158333333333335;11
;10;450.0;21.875;11
;10;39.0;20.1625;93
;10;7.0;20.029166666666665;11
;10;338.0;21.408333333333335;27
;10;12.0;20.05;84
;10;620.0;22.583333333333332;11
;10;171.0;20.7125;11
;10;127.0;20.529166666666665;52
;10;212.0;20.883333333333333;11
;10;100.0;20.416666666666668;53
;10;609.0;22.5375;44
;10;20.0;20.083333333333332;11
;10;11.0;20.045833333333334;52
;10;20.0;20.083333333333332;52
;10;159.0;20.6625;11
;10;258.0;21.075;75
;10;97.0;20.404166666666665;76
;10;88.0;20.366666666666667;53
;10;404.0;21.683333333333334;84
;10;142.0;20.591666666666665;84
;10;116.0;20.483333333333334;52
